sample_id,stratum,stratum_rank,selection_hash,oracle_id,name,mana_cost,type_line,oracle_text,classification,implementation_family,recommended_tier,primary_gap,secondary_gaps,rationale,scryfall_uri
1,M19,1,056f510f4c9751279c38ed8fd3d55a01a2732d6b4d6b74201493458929022223,01b3af6d-ab7d-4137-a94a-1cf2cbfd9d44,Lich's Caress,{3}{B}{B},Sorcery,Destroy target creature. You gain 3 life.,full_now,value_spells,data,,,DestroyTarget and GainLife compose in Oracle order.,https://scryfall.com/card/m19/105/lichs-caress?utm_source=api
2,M19,2,063dff08a5f08cd809302b06d49228615321d50858e8093a3d7bb7375a60698f,b1793c3b-25d6-4fae-a99d-cfdd2210ca67,Druid of the Cowl,{1}{G},Creature — Elf Druid,{T}: Add {G}.,full_now,mana_permanents,data,,,A tap-cost ProduceMana ability exactly represents the card.,https://scryfall.com/card/m19/177/druid-of-the-cowl?utm_source=api
3,M19,3,07dbae7d4509bb6e0c2cafd6c78c0546beee4f44161bfecdbeb4f04f88539c85,0931206b-eed2-40d0-9496-5ecefc7f8f90,Infectious Horror,{3}{B},Creature — Zombie Horror,"Whenever this creature attacks, each opponent loses 2 life.",blocked,,primitive,untargeted_opponent_life_loss,,The engine has no untargeted each-opponent life-loss effect without also gaining life.,https://scryfall.com/card/m19/101/infectious-horror?utm_source=api
4,M19,4,08819151de2c6522850f90f8cf82ba27856901d05dd333d74f94e5c17a9cb707,fed32c9c-7458-4143-b0b2-45ca23ba25ee,Hired Blade,{2}{B},Creature — Human Assassin,Flash (You may cast this spell any time you could cast an instant.),full_now,keyword_creatures,data,,,Flash is a supported printed keyword.,https://scryfall.com/card/m19/100/hired-blade?utm_source=api
5,M19,5,0dac834451c016da68d3cb6af0bcfa4bd6a7b176d83f12e6676c8afd6a6e46bb,df67597f-42a8-4fa7-b426-d7db8b384445,Goblin Motivator,{R},Creature — Goblin Warrior,{T}: Target creature gains haste until end of turn. (It can attack and {T} this turn.),full_now,activated_creatures,data,,,Tap cost plus targeted haste is directly expressible.,https://scryfall.com/card/m19/143/goblin-motivator?utm_source=api
6,M19,6,0e563f12159c4eafde44c48335d9b0433d0579d7ea1a5f69c95cda75a6a91482,24db5905-d513-42c6-9e9d-114ac5cbd21d,Pegasus Courser,{2}{W},Creature — Pegasus,"Flying
Whenever this creature attacks, another target attacking creature gains flying until end of turn.",partial_now,,primitive,target_filter_exclude_source,,"The attack trigger and flying grant exist, but the target filter cannot enforce another attacking creature.",https://scryfall.com/card/m19/32/pegasus-courser?utm_source=api
7,M19,7,10c6c16eaa4c48a7a1672c566c9d8ffe23da4e9d05dd4981796c83148d7b1e33,edbf1b87-2d1e-47e6-a04e-a2b1646af7d9,Abnormal Endurance,{1}{B},Instant,"Until end of turn, target creature gets +2/+0 and gains ""When this creature dies, return it to the battlefield tapped under its owner's control.""",blocked,,primitive,delayed_trigger_grant,,The target must gain a temporary dies trigger that returns that same object tapped.,https://scryfall.com/card/m19/85/abnormal-endurance?utm_source=api
8,M19,8,12b4b7f07c4798e12ea93d7015b7f10198e67cf5d05c58fd80cfb2f1d943c6d0,ab8301da-f9f7-4d90-afae-bd7e60834c22,Explosive Apparatus,{1},Artifact,"{3}, {T}, Sacrifice this artifact: It deals 2 damage to any target.",blocked,,primitive,composite_activated_costs,,"AbilityCost cannot combine mana, tap, and sacrifice.",https://scryfall.com/card/m19/233/explosive-apparatus?utm_source=api
9,M19,9,16fef4178d5b2cef4f67e30fe76673c9726a6b46fa9349024bc76c40cd3f2440,da952213-9a3c-4e13-bc5a-55d1e5dbaa5b,Electrify,{3}{R},Instant,Electrify deals 4 damage to target creature.,full_now,targeted_removal,data,,,Fixed damage to a creature target is directly expressible.,https://scryfall.com/card/m19/139/electrify?utm_source=api
10,M19,10,1e77d45675aecc78ffc4a2552c18b9eee954de1fa580541f40d720e6ff24b1a4,cbf743a5-123f-4747-826d-7f8bb929a52c,Root Snare,{1}{G},Instant,Prevent all combat damage that would be dealt this turn.,full_now,value_spells,data,,,PreventAllCombatDamageTurn exactly represents the spell after Issue 48.,https://scryfall.com/card/m19/199/root-snare?utm_source=api
11,M19,11,1fdf4a8e87be586fdc366745b34e418eaed7a858f5f3c86447b241fc7d5fe950,d6596336-8177-4475-95b9-a21858563276,Uncomfortable Chill,{2}{U},Instant,"Creatures your opponents control get -2/-0 until end of turn.
Draw a card.",blocked,,primitive,opponent_mass_scope,,PumpAll cannot select only creatures controlled by opponents.,https://scryfall.com/card/m19/82/uncomfortable-chill?utm_source=api
12,M19,12,210528295b4b3be93257eace5b28cf3f8eb0c09a4df7d3ea18cc54d0bcc859ac,61e09dd9-7870-48c2-9177-d6abc3162692,Titanic Growth,{1}{G},Instant,Target creature gets +4/+4 until end of turn.,full_now,combat_tricks,data,,,A fixed PumpTarget effect exactly represents the spell.,https://scryfall.com/card/m19/205/titanic-growth?utm_source=api
13,M19,13,259509b16a14195555453972f0f624b769842b7114e39f07bfbfc8d6f5560b7a,2c006a63-0550-4a87-a5fe-f4247857271c,Luminous Bonds,{2}{W},Enchantment — Aura,"Enchant creature
Enchanted creature can't attack or block.",full_now,auras_and_equipment,data,,,AuraAttach plus an AttachedModifier with both combat prohibitions is exact.,https://scryfall.com/card/m19/25/luminous-bonds?utm_source=api
14,M19,14,272f9961424afb46ed917ba1c6f6d8dc7752afbe6ee886ea8c1b664cb2768028,6dc534e8-e22b-4e3c-aa30-c6e4c84f698c,Frilled Sea Serpent,{4}{U}{U},Creature — Serpent,{5}{U}{U}: This creature can't be blocked this turn.,blocked,,primitive,unblockable_effect,,No effect makes the source unable to be blocked for the turn.,https://scryfall.com/card/m19/56/frilled-sea-serpent?utm_source=api
15,M19,15,27596d6238c307c0f56928eb62dbff42dc34dadf4348c0f98597ceb42623083c,974f788a-039f-4310-a2fe-16b14a1e2d35,Skyscanner,{3},Artifact Creature — Thopter,"Flying
When this creature enters, draw a card.",full_now,simple_triggered_creatures,data,,,Flying plus an ETB Draw trigger is directly expressible.,https://scryfall.com/card/m19/245/skyscanner?utm_source=api
16,M19,16,2cb1a2065c65818b7f25c8280a7fc82dd86e3de614aaf37638ae5668a1d83e8e,12c7289f-da53-403a-a607-227f43c7e171,Trusty Packbeast,{2}{W},Creature — Beast,"When this creature enters, return target artifact card from your graveyard to your hand.",blocked,,primitive,graveyard_card_type_filter,,ReturnFromGraveyard cannot restrict the target to artifact cards.,https://scryfall.com/card/m19/41/trusty-packbeast?utm_source=api
17,M19,17,2e6657d3d31384958ee046cb9bd57e4b6d062133193cb3313f8da788692553dc,41684707-5118-45cf-892d-46b66045d026,Skymarch Bloodletter,{2}{B},Creature — Vampire Soldier,"Flying
When this creature enters, target opponent loses 1 life and you gain 1 life.",full_now,simple_triggered_creatures,data,,,An ETB DrainTarget against an opponent exactly represents the ability.,https://scryfall.com/card/m19/119/skymarch-bloodletter?utm_source=api
18,M19,18,3201d3d3ab708b43c72f3c7fa497d99501bd49d761aed27492daaf9074b907e3,7d00fb28-ea6c-49a9-b4af-ffb38860a9a7,Cancel,{1}{U}{U},Instant,Counter target spell.,full_now,counterspells,data,,,CounterTargetSpell without a type filter is exact.,https://scryfall.com/card/m19/48/cancel?utm_source=api
19,M19,19,330359810e7dec99aeda4db1cd5825b0e6dfedbd3b7943abfba5699e31c841b2,b1385b03-cb4b-4812-857f-7421f1df39af,Revitalize,{1}{W},Instant,"You gain 3 life.
Draw a card.",full_now,value_spells,data,,,GainLife followed by Draw composes exactly.,https://scryfall.com/card/m19/35/revitalize?utm_source=api
20,M19,20,345fd2e2bfb7f673e93f85aa42d42e0ab10a2566818f98ded290c358eb634bb7,1817acd5-5ed0-47b8-8e56-4715a488867e,Sparktongue Dragon,{3}{R}{R},Creature — Dragon,"Flying
When this creature enters, you may pay {2}{R}. When you do, it deals 3 damage to any target.",full_now,resolution_choices,data,,,Optional colored-mana payment during resolution creates a separately targeted reflexive trigger.,https://scryfall.com/card/m19/159/sparktongue-dragon?utm_source=api
21,M19,21,36dba02fa4a7f287f9dac469f456cc15a87f21501eec94538cf01c974e169807,6d5dc34b-3eea-4b77-8db7-94bc30b14c4c,Rabid Bite,{1}{G},Sorcery,Target creature you control deals damage equal to its power to target creature you don't control.,blocked,,primitive,power_based_creature_damage,,No effect makes one chosen creature deal its power to a different chosen creature.,https://scryfall.com/card/m19/195/rabid-bite?utm_source=api
22,M19,22,38c450659979d1b4ea736388b96a40086eb86fa4ab2df494e07719dbfff86768,87bd0fdb-c5b9-46ea-9858-1a870960351f,Invoke the Divine,{2}{W},Instant,Destroy target artifact or enchantment. You gain 4 life.,full_now,targeted_removal,data,,,A permanent-type-filtered DestroyTarget followed by GainLife is exact.,https://scryfall.com/card/m19/16/invoke-the-divine?utm_source=api
23,M19,23,38cac5dbbffdf2b6a6dbc8f50a09e4af5d5a3ad1a13e345bb37b063ceba03327,0c0f7092-3fe6-4a6e-8b4e-803810b43e50,Gearsmith Guardian,{5},Artifact Creature — Construct,This creature gets +2/+0 as long as you control a blue creature.,blocked,,primitive,conditional_characteristics,,Continuous P/T cannot depend on controlling a blue creature.,https://scryfall.com/card/m19/237/gearsmith-guardian?utm_source=api
24,M19,24,39ca92e7ad01b26bb44836e311c00fb60540f36ee44bed7641babb56fd88ac11,8b022754-6d16-470e-b754-4df6e4f4709e,Goblin Instigator,{1}{R},Creature — Goblin Rogue,"When this creature enters, create a 1/1 red Goblin creature token.",full_now,token_makers,data,,,The ETB CreateTokens effect is directly expressible.,https://scryfall.com/card/m19/142/goblin-instigator?utm_source=api
25,M19,25,4375053f3c0f66d94706e6cfdbc00cc2cca58f74fc6c4d4864e98baf267ff238,589d6b67-17ad-4ca7-9b0c-1b919bf03a27,Gearsmith Prodigy,{U},Creature — Human Artificer,This creature gets +1/+0 as long as you control an artifact.,blocked,,primitive,conditional_characteristics,,Continuous P/T cannot depend on controlling an artifact.,https://scryfall.com/card/m19/57/gearsmith-prodigy?utm_source=api
26,M19,26,446bac8a05b025f38095aeb29ff93c89bb93a8ea80c7f4c258451cfe9d5350ab,8d813b72-8ead-4a61-88ff-e93c8d843196,Ghostform,{1}{U},Sorcery,Up to two target creatures can't be blocked this turn.,blocked,,primitive,unblockable_effect,multiple_optional_targets,The engine lacks both a generic unblockable effect and up-to-two non-damage targeting.,https://scryfall.com/card/m19/58/ghostform?utm_source=api
27,M19,27,44a48b03b0dc7d917ce4cd14c33360feca19c1b292f8d5d3bc65d06d91c9fc04,d3b408e7-4d39-47a3-b00c-846903f8ae77,Trumpet Blast,{2}{R},Instant,Attacking creatures get +2/+0 until end of turn.,blocked,,primitive,attacking_creature_mass_scope,,AnthemFilter cannot select only attacking creatures.,https://scryfall.com/card/m19/165/trumpet-blast?utm_source=api
28,M19,28,4fbb9753f862fcc5a0ed0a654083639c2838aa672452c914d3890596b3491b45,6a077a9b-d725-4b14-957f-1586db2adf59,Dwarven Priest,{3}{W},Creature — Dwarf Cleric,"When this creature enters, you gain 1 life for each creature you control.",blocked,,primitive,dynamic_amount_creature_count,,GainLife cannot derive its amount from creatures controlled.,https://scryfall.com/card/m19/11/dwarven-priest?utm_source=api
29,M19,29,528bf8352d234dc270b37806b3e2a85d097eaa3d2dd43dbc84bae9a1cba2d7bb,ad44cf74-b717-48fb-9fa2-77512024d76a,Mind Rot,{2}{B},Sorcery,Target player discards two cards.,blocked,,primitive,affected_player_discard_choice,,DiscardCards currently gives the effect controller the choice rather than the targeted player.,https://scryfall.com/card/m19/109/mind-rot?utm_source=api
30,M19,30,59d2e2e431d4aa310bacdca8d96b2db85a19721f4f6685c0cb02718749b1f807,ad5f9a18-89a5-4bcb-9cd7-5399ffd252d3,Aven Wind Mage,{2}{U},Creature — Bird Wizard,"Flying
Whenever you cast an instant or sorcery spell, this creature gets +1/+1 until end of turn.",full_now,simple_triggered_creatures,data,,,The instant-or-sorcery cast trigger can PumpTarget the source.,https://scryfall.com/card/m19/45/aven-wind-mage?utm_source=api
31,M19,31,5a2aa54d6557b8135d80ac1da3a2df6a397cf6bc9067c8f850577dd91007ebbb,f307b5b4-e949-4f69-8dc7-856e33a45a16,Tormenting Voice,{1}{R},Sorcery,"As an additional cost to cast this spell, discard a card.
Draw two cards.",blocked,,primitive,additional_spell_costs,,Spell casting cannot require discarding a card as an additional cost.,https://scryfall.com/card/m19/164/tormenting-voice?utm_source=api
32,M19,32,5c33117da85d538406c12f0dcc18d8801875c8870484e0b8dad9e49d11be16e0,9d08af23-9f4a-4097-9abc-3b17475ab744,Act of Treason,{2}{R},Sorcery,Gain control of target creature until end of turn. Untap that creature. It gains haste until end of turn. (It can attack and {T} this turn.),blocked,,system,continuous_control_change,,Changing control of a battlefield permanent is tracked by Issue 37.,https://scryfall.com/card/m19/127/act-of-treason?utm_source=api
33,M19,33,5cb5b5bab92c6bf2ca177177621df8380d7b97694eb34814187b7c4d3579299e,a5478263-47c9-447f-9c7a-c77ce0752947,Tranquil Expanse,,Land,"This land enters tapped.
{T}: Add {G} or {W}.",partial_now,,primitive,enters_tapped,,"Both mana options work, but lands cannot enter tapped.",https://scryfall.com/card/m19/259/tranquil-expanse?utm_source=api
34,M19,34,5f2f8ca2dbe044c232dd67fb2004bc83cfbada6dc14cfb47a27c8c18a9a85286,3e400e13-6cae-45e6-b5cc-5b5f9d74dec5,Salvager of Secrets,{3}{U}{U},Creature — Merfolk Wizard,"When this creature enters, return target instant or sorcery card from your graveyard to your hand.",blocked,,primitive,graveyard_card_type_filter,,ReturnFromGraveyard cannot restrict targets to instant or sorcery cards.,https://scryfall.com/card/m19/70/salvager-of-secrets?utm_source=api
35,M19,35,60f72ed3fa5360353da87d69ec1799fc3072f2414e7b26924b8829b811655899,13718d93-fe46-4a18-a511-88649ef1c9de,Sovereign's Bite,{1}{B},Sorcery,Target player loses 3 life and you gain 3 life.,full_now,value_spells,data,,,DrainTarget exactly represents the targeted life loss and equal gain.,https://scryfall.com/card/m19/120/sovereigns-bite?utm_source=api
36,M19,36,644680154afd3598b575e311513da6b11a5c3a1222771345c9638b35a12f08e2,0753aee4-33db-48c5-9854-16a9d91535b2,Scholar of Stars,{3}{U},Creature — Human Artificer,"When this creature enters, if you control an artifact, draw a card.",blocked,,primitive,etb_condition_controlled_permanent,,The ETB effect cannot be conditional on controlling an artifact.,https://scryfall.com/card/m19/71/scholar-of-stars?utm_source=api
37,M19,37,69425a9280ae71d8ab57a9b430b2bb36a084c5c5a6af6301774ee032ef8bf9a2,63604320-68de-415e-b1f9-dd0f85c5d8a3,Knight's Pledge,{1}{W},Enchantment — Aura,"Enchant creature
Enchanted creature gets +2/+2.",full_now,auras_and_equipment,data,,,AuraAttach plus a P/T AttachedModifier is exact.,https://scryfall.com/card/m19/19/knights-pledge?utm_source=api
38,M19,38,69da641e9755dc98369c29e5af05dbd423b6e5d57150ec2cff6298caa8c47850,41c15160-ee8c-42e3-bc6c-593b8c8ae335,Crash Through,{R},Sorcery,"Creatures you control gain trample until end of turn. (Each of those creatures can deal excess combat damage to the player or planeswalker it's attacking.)
Draw a card.",full_now,value_spells,data,,,GrantKeywordsAll to creatures you control followed by Draw is exact.,https://scryfall.com/card/m19/133/crash-through?utm_source=api
39,M19,39,6d3adeacfbf8256f8bc54653208b12863731892a94a54932e126750d6819b11f,b500c460-2814-47a4-b307-17ca519f3565,Gallant Cavalry,{3}{W},Creature — Human Knight,"Vigilance (Attacking doesn't cause this creature to tap.)
When this creature enters, create a 2/2 white Knight creature token with vigilance.",full_now,token_makers,data,,,Vigilance and the ETB Knight-token creation are supported.,https://scryfall.com/card/m19/12/gallant-cavalry?utm_source=api
40,M19,40,6d8dc2440296060950b71db7bd5119a700a832d9bf418d66088756e230e9ced4,5d0e49fa-5dfb-48c2-af97-fdfb788d5f40,Marauder's Axe,{2},Artifact — Equipment,"Equipped creature gets +2/+0.
Equip {2} ({2}: Attach to target creature you control. Equip only as a sorcery.)",full_now,auras_and_equipment,data,,,Attached P/T modification and Equip are directly expressible.,https://scryfall.com/card/m19/240/marauders-axe?utm_source=api
41,M19,41,6e10b23eac60ebc638c1ea47da006ea8f3ebbcb11644a4fa48a56fc71f8dbf6c,0e0d40a6-e0a4-4fb2-be72-314f7d66b7eb,Highland Game,{1}{G},Creature — Elk,"When this creature dies, you gain 2 life.",full_now,simple_triggered_creatures,data,,,A dies trigger with GainLife exactly represents the ability.,https://scryfall.com/card/m19/188/highland-game?utm_source=api
42,M19,42,6e746f39dadb10a7180ac0f697d8f2bcd80ecb93583a31117a527e2af859b1f5,a9d288b8-cdc1-4e55-a0c9-d6edfc95e65d,Shock,{R},Instant,Shock deals 2 damage to any target.,partial_now,,system,planeswalker_and_battle_targets,,"Creature and player damage works, but planeswalkers and battles are not modeled as damage targets.",https://scryfall.com/card/m19/156/shock?utm_source=api
43,M19,43,724d356365bdd432a15ccc2790541b1e9927c661f243e5a5e75b9132ef379014,ad6a2776-801f-4743-8268-6d654122171e,Foul Orchard,,Land,"This land enters tapped.
{T}: Add {B} or {G}.",partial_now,,primitive,enters_tapped,,"Both mana options work, but lands cannot enter tapped.",https://scryfall.com/card/m19/251/foul-orchard?utm_source=api
44,M19,44,79fac699e81121c7ba70bde0c881bd4f02e7c188747fe3d35eff58aaf57cbb4f,444493a6-0f90-4847-9619-4ea8fbf7cf6f,Strangling Spores,{3}{B},Instant,Target creature gets -3/-3 until end of turn.,full_now,combat_tricks,data,,,A negative PumpTarget effect exactly represents the spell.,https://scryfall.com/card/m19/122/strangling-spores?utm_source=api
45,M19,45,82ba56e14c04ec94c49b30f59ee2ff7a1a2677bd7e641967d5e03bc197fe6b3c,5e78e6e0-60f0-4c3c-b8dd-bd673f5152b8,Viashino Pyromancer,{1}{R},Creature — Lizard Wizard,"When this creature enters, it deals 2 damage to target player or planeswalker.",partial_now,,system,planeswalker_targets,,"The opponent damage works, but planeswalkers are not modeled as damage targets.",https://scryfall.com/card/m19/166/viashino-pyromancer?utm_source=api
46,M19,46,83d766c221bdf6128deeaa09435b32f3e3ad02840da42d1aa3d2fe470ec1256c,941b0dd1-0df2-48ee-8829-615e9c3177a7,Forsaken Sanctuary,,Land,"This land enters tapped.
{T}: Add {W} or {B}.",partial_now,,primitive,enters_tapped,,"Both mana options work, but lands cannot enter tapped.",https://scryfall.com/card/m19/250/forsaken-sanctuary?utm_source=api
47,M19,47,8ca2d90a876a014cc341d4c988a71b7b387a50554f738d01c96bc92c223ea00b,b2ca8824-6bd8-4aa3-b156-618118eb98a4,Wall of Mist,{1}{U},Creature — Wall,Defender,full_now,keyword_creatures,data,,,Defender is a supported printed keyword.,https://scryfall.com/card/m19/83/wall-of-mist?utm_source=api
48,M19,48,8fcd7e7cc45cd1d54ef132308e29ab2e2d0576d3c01107c6915646fa998c48b0,d26d1cce-3bcf-48d4-abce-8b12ca7b7432,Rhox Oracle,{4}{G},Creature — Rhino Monk,"When this creature enters, draw a card.",full_now,simple_triggered_creatures,data,,,The ETB Draw trigger is directly expressible.,https://scryfall.com/card/m19/198/rhox-oracle?utm_source=api
49,M19,49,9336feeed0ea31c61a97378a2d7201112ea68b24d5f6c430a3a7d0f45875ffc0,2d9663be-c466-4191-85e2-a69ce0965432,Meandering River,,Land,"This land enters tapped.
{T}: Add {W} or {U}.",partial_now,,primitive,enters_tapped,,"Both mana options work, but lands cannot enter tapped.",https://scryfall.com/card/m19/253/meandering-river?utm_source=api
50,M19,50,9451c7ab0979bb17c8806508241c9b32424f53cc0c3c5f8da26981dd76349103,3fc640dd-6292-4d36-82fb-bd366bc00bd3,Infernal Scarring,{1}{B},Enchantment — Aura,"Enchant creature
Enchanted creature gets +2/+0 and has ""When this creature dies, draw a card.""",blocked,,system,grant_triggered_ability,,AttachedModifier cannot grant a dies-triggered ability to the enchanted creature.,https://scryfall.com/card/m19/103/infernal-scarring?utm_source=api
51,M19,51,9951e29da7711299142234ef92e78fa9ba7c302f17a253b5edce39d2b0b0d73c,e0462a2c-fb88-495f-813b-6476ee3e62bb,Totally Lost,{4}{U},Instant,Put target nonland permanent on top of its owner's library.,blocked,,primitive,battlefield_to_library,,No zone effect puts a targeted nonland permanent on top of its owner's library.,https://scryfall.com/card/m19/81/totally-lost?utm_source=api
52,M19,52,99f1d453484908c806aa3026e61756292cb4cd1a6e60aa28534eeca6736a524b,d89bbfe7-e7ef-4f1c-a6b5-6d8ef4079daa,Cavalry Drillmaster,{1}{W},Creature — Human Knight,"When this creature enters, target creature gets +2/+0 and gains first strike until end of turn. (It deals combat damage before creatures without first strike.)",full_now,simple_triggered_creatures,data,,,The ETB trigger can pump and grant first strike to the same target.,https://scryfall.com/card/m19/8/cavalry-drillmaster?utm_source=api
53,M19,53,9d9a2f182870dcceac944d70268376884a345d95bc9cb7891d5bd6311a6cfe4a,e887fb3f-d4c9-4022-8f75-1de6ec94af96,Woodland Stream,,Land,"This land enters tapped.
{T}: Add {G} or {U}.",partial_now,,primitive,enters_tapped,,"Both mana options work, but lands cannot enter tapped.",https://scryfall.com/card/m19/260/woodland-stream?utm_source=api
54,M19,54,a17436a1b8b2db313de755d4d9cbbd567089a5d20d30561d196c3c98dbbf46f1,bdb3ca68-ec1f-4e16-81cc-d23f8f52c728,Naturalize,{1}{G},Instant,Destroy target artifact or enchantment.,full_now,targeted_removal,data,,,DestroyTarget can use an artifact-or-enchantment permanent filter.,https://scryfall.com/card/m19/190/naturalize?utm_source=api
55,M19,55,a271a689d3207ac1fb81909105e7fc4b386b48215ff15f83aae1db664b419d8c,11cb509d-21af-48f1-b355-135ebd3e4bd1,Doomed Dissenter,{1}{B},Creature — Human,"When this creature dies, create a 2/2 black Zombie creature token.",full_now,token_makers,data,,,The dies-triggered Zombie creation is directly expressible.,https://scryfall.com/card/m19/93/doomed-dissenter?utm_source=api
56,M19,56,a4127c12a30618e3320bc6c42e231acea49e01714c4f8b66dd1c3f53c448e70e,ad11ff81-acaa-4529-ba15-718dadbea259,Aviation Pioneer,{2}{U},Creature — Human Artificer,"When this creature enters, create a 1/1 colorless Thopter artifact creature token with flying.",full_now,token_makers,data,,,The ETB Thopter-token creation is directly expressible.,https://scryfall.com/card/m19/46/aviation-pioneer?utm_source=api
57,M19,57,a69f845bbea00ef9eb49c6770180df548259a980fd5399ecf6c84e317f0b4824,7779525d-080d-4669-bb65-af532bf0983e,Catalyst Elemental,{2}{R},Creature — Elemental,Sacrifice this creature: Add {R}{R}.,full_now,mana_permanents,data,,,A sacrifice-cost ProduceMana ability exactly represents the card.,https://scryfall.com/card/m19/132/catalyst-elemental?utm_source=api
58,M19,58,a7eecb95a06a01d14f129229c8b65f46b3ae06f7534e1883b6de9122f2a7d1a6,c60b8edd-aa3f-48ea-b202-d10599f91d9d,Take Vengeance,{1}{W},Sorcery,Destroy target tapped creature.,full_now,targeted_removal,data,,,DestroyTarget supports the tapped-creature filter.,https://scryfall.com/card/m19/40/take-vengeance?utm_source=api
59,M19,59,a8fb1827ae59c213fdad220d8bbfa613efef050578c600a7ee77ef57d24dbe1e,f27d52e6-aab9-4f95-ae46-33d1173bf4fe,Submerged Boneyard,,Land,"This land enters tapped.
{T}: Add {U} or {B}.",partial_now,,primitive,enters_tapped,,"Both mana options work, but lands cannot enter tapped.",https://scryfall.com/card/m19/257/submerged-boneyard?utm_source=api
60,M19,60,ab37f623a226b3b13596afac39ba8bfaa7ecf8cc7e692f102086f808a1756e2d,43d7fcf3-acc2-4e9b-a466-c73b1b6c58af,Omenspeaker,{1}{U},Creature — Human Wizard,"When this creature enters, scry 2. (Look at the top two cards of your library, then put any number of them on the bottom and the rest on top in any order.)",full_now,simple_triggered_creatures,data,,,The ETB Scry effect is directly expressible.,https://scryfall.com/card/m19/64/omenspeaker?utm_source=api
61,M20,1,0ba3847f4db5ba742e6cddb34fcfda8ffadc3f0479209ff7473dc20d183f3733,e5e04968-d9b7-4bd5-b826-be9502360cd3,Angelic Gift,{1}{W},Enchantment — Aura,"Enchant creature
When this Aura enters, draw a card.
Enchanted creature has flying.",full_now,auras_and_equipment,data,,,"AuraAttach, ETB Draw, and attached flying compose exactly.",https://scryfall.com/card/m20/5/angelic-gift?utm_source=api
62,M20,2,0f82fc4aadf2aaf965a2d00f8196a34bc0c63df6ec71002cf9330f70a32ad7b0,ec714e79-10ec-43ea-a0ff-f8c9083fe015,Growth Cycle,{1}{G},Instant,Target creature gets +3/+3 until end of turn. It gets an additional +2/+2 until end of turn for each card named Growth Cycle in your graveyard.,partial_now,,primitive,dynamic_same_name_count,,"The base +3/+3 works, but the graveyard name-count scaling is unsupported.",https://scryfall.com/card/m20/175/growth-cycle?utm_source=api
63,M20,3,128dd9382a158f2c47b54e36dccc27cf1e1b399f91a7fb1ba9038f9a9af563fb,e0f676ab-f859-4d4f-abe0-d033ffd3c396,Steadfast Sentry,{2}{W},Creature — Human Soldier,"Vigilance (Attacking doesn't cause this creature to tap.)
When this creature dies, put a +1/+1 counter on target creature you control.",full_now,simple_triggered_creatures,data,,,The dies trigger can put a counter on a creature controlled by the source controller.,https://scryfall.com/card/m20/40/steadfast-sentry?utm_source=api
64,M20,4,14818a28ef622396c233e48b2d0dbf004f49562f8010f58accb519a599f2b99d,dd2510cd-356c-4d5a-8e5d-e44872eba60b,Faerie Miscreant,{U},Creature — Faerie Rogue,"Flying
When this creature enters, if you control another creature named Faerie Miscreant, draw a card.",blocked,,primitive,named_permanent_condition,,The ETB draw cannot test for another permanent with the same name.,https://scryfall.com/card/m20/58/faerie-miscreant?utm_source=api
65,M20,5,15f8480475d7d63d7179294ca7d80f657a6aea8dfd65c6cf698667bd2ce09ec7,6c922206-6e68-4dcd-9559-88da1074f2c4,Rugged Highlands,,Land,"This land enters tapped.
When this land enters, you gain 1 life.
{T}: Add {R} or {G}.",partial_now,,primitive,enters_tapped,,"The ETB life gain and mana ability work, but the land cannot enter tapped.",https://scryfall.com/card/m20/250/rugged-highlands?utm_source=api
66,M20,6,2108ba8e0e54ff2944ac064f94c2f1a5f2797db0d3e94ffe877974cb3acaa7ff,a4eb06ca-16d8-41c2-8fc6-22e73872b5b0,Aerial Assault,{2}{W},Sorcery,Destroy target tapped creature. You gain 1 life for each creature you control with flying.,partial_now,,primitive,dynamic_amount_flying_count,,"Destroying the tapped creature works, but life gain cannot count creatures with flying.",https://scryfall.com/card/m20/1/aerial-assault?utm_source=api
67,M20,7,2484de68acd8c7886422e150b8db44bece446a459a037049bac27c19a2c13222,31be5bf4-9950-456c-8365-74b48e132ef5,Bone to Ash,{2}{U}{U},Instant,"Counter target creature spell.
Draw a card.",full_now,counterspells,data,,,A creature-filtered CounterTargetSpell followed by Draw is exact.,https://scryfall.com/card/m20/48/bone-to-ash?utm_source=api
68,M20,8,279f0dc8ba9611dbe8fdde07d2b8a4c2eaefd8db30fc3b0c7f789d3061b8099b,5d641bf6-0f93-4189-8dc1-ec7ea446dade,Tranquil Cove,,Land,"This land enters tapped.
When this land enters, you gain 1 life.
{T}: Add {W} or {U}.",partial_now,,primitive,enters_tapped,,"The ETB life gain and mana ability work, but the land cannot enter tapped.",https://scryfall.com/card/m20/259/tranquil-cove?utm_source=api
69,M20,9,2816ee40887d1c2210946fd5d5e5ba9963d4a22b51615a73201c3c8ecf43d207,43a86d36-9653-4498-a533-8b30b919cdbf,Gift of Paradise,{2}{G},Enchantment — Aura,"Enchant land
When this Aura enters, you gain 3 life.
Enchanted land has ""{T}: Add two mana of any one color.""",blocked,,system,grant_activated_ability,,An Aura cannot grant a mana ability to the enchanted land.,https://scryfall.com/card/m20/173/gift-of-paradise?utm_source=api
70,M20,10,2b25469bd10874bb62907f00c974643744df9d1ad07e36e7490ccbfda6bd6c7a,eae15f7d-1f6e-4dfc-afea-7698b93cd145,Goblin Smuggler,{2}{R},Creature — Goblin Rogue,"Haste (This creature can attack and {T} as soon as it comes under your control.)
{T}: Another target creature with power 2 or less can't be blocked this turn.",blocked,,primitive,unblockable_effect,power_target_filter,The engine lacks unblockable and power-at-most target filtering.,https://scryfall.com/card/m20/144/goblin-smuggler?utm_source=api
71,M20,11,2e7292c592d51dfe0860b80238c64f7d030bf798273e7c97ab9e7fd3d1f495b7,40057917-4a88-4316-bc5b-efc0ada1ddff,Moat Piranhas,{1}{U},Creature — Fish,Defender (This creature can't attack.),full_now,keyword_creatures,data,,,Defender is a supported printed keyword.,https://scryfall.com/card/m20/67/moat-piranhas?utm_source=api
72,M20,12,2f431dd87aa4c5f35f3bbd4493e165e933f8be4c175f34c1ddbd6e8ab7748c12,865a2194-fca0-446e-aae3-ca475cd66e00,Dismal Backwater,,Land,"This land enters tapped.
When this land enters, you gain 1 life.
{T}: Add {U} or {B}.",partial_now,,primitive,enters_tapped,,"The ETB life gain and mana ability work, but the land cannot enter tapped.",https://scryfall.com/card/m20/245/dismal-backwater?utm_source=api
73,M20,13,37a7b25dc20fb55c7fa1bd1f49c62dd6af1013dc47a38dd2fc26e7070961a3ed,76bbd280-dcbc-43b3-a8a1-603443b2ccaa,Moorland Inquisitor,{1}{W},Creature — Human Soldier,{2}{W}: This creature gains first strike until end of turn. (It deals combat damage before creatures without first strike.),full_now,activated_creatures,data,,,A mana-cost self keyword grant exactly represents the ability.,https://scryfall.com/card/m20/31/moorland-inquisitor?utm_source=api
74,M20,14,3be65f35ee89088a7b865f82a0474ea4211b5f008ab747d4ea7814ebf704ed22,2d91cf05-fc39-4d76-8c95-62738b57e0a0,Griffin Protector,{3}{W},Creature — Griffin,"Flying
Whenever another creature you control enters, this creature gets +1/+1 until end of turn.",full_now,simple_triggered_creatures,data,,,The another-creature ETB watcher can pump its source.,https://scryfall.com/card/m20/20/griffin-protector?utm_source=api
75,M20,15,3d98c5e970821f6d0c4e348ea9047e6f01c22016c02bbe9e4505495ae3291ee5,0c936582-d4c0-4da8-bc7e-49da5a433939,Bone Splinters,{B},Sorcery,"As an additional cost to cast this spell, sacrifice a creature.
Destroy target creature.",blocked,,primitive,additional_spell_costs,,Spell casting cannot require sacrificing a creature as an additional cost.,https://scryfall.com/card/m20/92/bone-splinters?utm_source=api
76,M20,16,43d9e77bda0c11de6f22a730dd045a6970ba648d106bb035fec36326d08bf9ef,a75445d3-1303-4bb5-89ad-26ea93fecd48,Evolving Wilds,,Land,"{T}, Sacrifice this land: Search your library for a basic land card, put it onto the battlefield tapped, then shuffle.",blocked,,system,search_land_to_battlefield,composite_activated_costs,"SearchLibrary cannot find a basic land onto the battlefield tapped, and the cost cannot combine tap and sacrifice.",https://scryfall.com/card/m20/246/evolving-wilds?utm_source=api
77,M20,17,4510c6e3b9bd7e9581c2aab3437ca14f35b3bf18b5c40e040582df41809958ad,a7e97fa9-4b72-4548-b854-5be5f18a6f1a,Disenchant,{1}{W},Instant,Destroy target artifact or enchantment.,full_now,targeted_removal,data,,,DestroyTarget can use an artifact-or-enchantment permanent filter.,https://scryfall.com/card/m20/14/disenchant?utm_source=api
78,M20,18,459365e47380957588ea2ca208e281a96a02f0bae8f498c3fa9ba9758967a4a2,4a294001-645b-4691-bb32-c240ba5b5320,Inspiring Captain,{3}{W},Creature — Human Knight,"When this creature enters, creatures you control get +1/+1 until end of turn.",full_now,simple_triggered_creatures,data,,,The ETB PumpAll effect can select creatures you control.,https://scryfall.com/card/m20/25/inspiring-captain?utm_source=api
79,M20,19,477b2183659f047a597eedbc90eb5b10ae72a22870213d4f246041488cf99f27,ec96cde2-f1e6-495c-94e2-3e8ae79e556c,Thornwood Falls,,Land,"This land enters tapped.
When this land enters, you gain 1 life.
{T}: Add {G} or {U}.",partial_now,,primitive,enters_tapped,,"The ETB life gain and mana ability work, but the land cannot enter tapped.",https://scryfall.com/card/m20/258/thornwood-falls?utm_source=api
80,M20,20,49d5243a5d86a940db68da163a32877688a9c35050ef830ede4fbe9abfddcd14,45429b2c-be3b-4b2e-9bab-a059ccbda8cd,Blossoming Sands,,Land,"This land enters tapped.
When this land enters, you gain 1 life.
{T}: Add {G} or {W}.",partial_now,,primitive,enters_tapped,,"The ETB life gain and mana ability work, but the land cannot enter tapped.",https://scryfall.com/card/m20/243/blossoming-sands?utm_source=api
81,M20,21,4b3b6c54c4ebc8584beedd53309ed963b0c2c8669e570963a6ca6057a93927d7,a167d593-cded-43e1-b9bb-2287dbd0cbec,Moment of Heroism,{1}{W},Instant,Target creature gets +2/+2 and gains lifelink until end of turn. (Damage dealt by the creature also causes its controller to gain that much life.),full_now,combat_tricks,data,,,PumpTarget and targeted lifelink share the same legal target.,https://scryfall.com/card/m20/30/moment-of-heroism?utm_source=api
82,M20,22,55aa93cd855321a1dda303a187dba16a0983e55ca9db4f6b266d30daf610104b,df8fe368-00eb-42fa-89d6-794fc61f8f8c,Unholy Indenture,{2}{B},Enchantment — Aura,"Enchant creature
When enchanted creature dies, return that card to the battlefield under your control with a +1/+1 counter on it.",blocked,,system,attached_object_dies_trigger,,An Aura cannot watch its enchanted creature die and reanimate that card with a counter.,https://scryfall.com/card/m20/119/unholy-indenture?utm_source=api
83,M20,23,569399bd1778c09b88895b27269033859da1b88b388369a95a984fedbd6dd56f,49e22e88-d4d9-4781-81e3-bf77b76b132b,Wolfkin Bond,{4}{G},Enchantment — Aura,"Enchant creature
When this Aura enters, create a 2/2 green Wolf creature token.
Enchanted creature gets +2/+2.",full_now,auras_and_equipment,data,,,"AuraAttach, ETB token creation, and attached P/T modification compose exactly.",https://scryfall.com/card/m20/203/wolfkin-bond?utm_source=api
84,M20,24,5aa479822bafbd42b8cfd588b3fba9cfd40cb3f739b3ea4d742f7f454fd31578,41b1d850-2fda-490b-a4f6-0d9bfb37103c,Soulmender,{W},Creature — Human Cleric,{T}: You gain 1 life.,full_now,activated_creatures,data,,,A tap-cost GainLife ability is exact.,https://scryfall.com/card/m20/37/soulmender?utm_source=api
85,M20,25,5b1e14a2e199bdc1982c8c67cb19c2fe2b78e3ceb74a2227aace1108fc087d45,a7d88510-d2ce-4dd6-938c-964cc74ff7d7,Dawning Angel,{4}{W},Creature — Angel,"Flying
When this creature enters, you gain 4 life.",full_now,simple_triggered_creatures,data,,,Flying plus an ETB GainLife trigger is directly expressible.,https://scryfall.com/card/m20/11/dawning-angel?utm_source=api
86,M20,26,618618c36907322298e6798af1423bec47a8886481f9da80574ce450f272df10,fa4ad622-5021-44fe-92af-0de115059eb6,Lavakin Brawler,{3}{R},Creature — Elemental Warrior,"Whenever this creature attacks, it gets +1/+0 until end of turn for each Elemental you control.",blocked,,primitive,dynamic_amount_subtype_count,,The attack pump cannot count Elementals controlled.,https://scryfall.com/card/m20/147/lavakin-brawler?utm_source=api
87,M20,27,63ccd7ce1d5b41a86f6ca5c14ea6a41cae0517bf117219b20e306d0f4f19e484,a1112750-8d38-49e0-ab1c-77110b2bbc4d,Ferocious Pup,{2}{G},Creature — Wolf,"When this creature enters, create a 2/2 green Wolf creature token.",full_now,token_makers,data,,,The ETB Wolf-token creation is directly expressible.,https://scryfall.com/card/m20/171/ferocious-pup?utm_source=api
88,M20,28,651ba7f36facc1e6c3d92b1d649b5db17fce80c7a86fd74ef9a3f803b3b7f0db,576128ba-28aa-4ef9-9e72-8ca13f42c9b4,Zephyr Charge,{1}{U},Enchantment,{1}{U}: Target creature gains flying until end of turn.,full_now,activated_creatures,data,,,A mana-cost targeted flying grant is directly expressible.,https://scryfall.com/card/m20/82/zephyr-charge?utm_source=api
89,M20,29,6951cff86a7ea7307e94469f7383c279b894c6725444fde4cda2c5a741cb0ed2,ebe9dad7-d74d-4fa8-b17a-88ff79209379,Heart-Piercer Bow,{2},Artifact — Equipment,"Whenever equipped creature attacks, this Equipment deals 1 damage to target creature defending player controls.
Equip {1} ({1}: Attach to target creature you control. Equip only as a sorcery.)",blocked,,system,attached_object_attack_trigger,,Equipment cannot trigger from the equipped creature attacking.,https://scryfall.com/card/m20/228/heart-piercer-bow?utm_source=api
90,M20,30,6b12c00caac971509506b6466946df42def003e75d7c2bb2db6c011de27a7ddd,e75bec5c-538d-44ce-a6c7-85580d04fac8,Chandra's Embercat,{1}{R},Creature — Elemental Cat,{T}: Add {R}. Spend this mana only to cast an Elemental spell or a Chandra planeswalker spell.,partial_now,,system,restricted_mana_spending,,"The mana ability works, but the engine cannot restrict how its mana is spent.",https://scryfall.com/card/m20/129/chandras-embercat?utm_source=api
91,M20,31,6dd1c6957f96d09025593275a85140f9f58fdfc3112ec034f6952bb7406dddc8,f8d44858-1d21-43fd-b193-59ddf7c53785,Brightwood Tracker,{3}{G},Creature — Elf Scout,"{5}{G}, {T}: Look at the top four cards of your library. You may reveal a creature card from among them and put it into your hand. Put the rest on the bottom of your library in a random order.",blocked,,custom,look_choose_rest_bottom,,"No existing effect performs this live top-four reveal, choose, and random-bottom algorithm.",https://scryfall.com/card/m20/166/brightwood-tracker?utm_source=api
92,M20,32,7062a3df97fcab1e3fcb801d7947b42401fda3dd5a12358298d6ee0080a71bcc,5905c55a-f1d1-4021-a9af-f85b02ae21f3,Audacious Thief,{2}{B},Creature — Human Rogue,"Whenever this creature attacks, you draw a card and you lose 1 life.",full_now,simple_triggered_creatures,data,,,The attack trigger can Draw and LoseLife in order.,https://scryfall.com/card/m20/84/audacious-thief?utm_source=api
93,M20,33,76236e5624ef2a9082b04f4d4100d2c654aef18e90d211e23acb8dd770b9cb8c,998e850a-b3c7-4ab2-85ac-25beef98ab20,Thicket Crasher,{3}{G},Creature — Elemental Rhino,"Trample (This creature can deal excess combat damage to the player or planeswalker it's attacking.)
Other Elementals you control have trample.",full_now,anthem_permanents,data,,,Trample plus an Elemental-only AnthemKeyword excluding the source is exact.,https://scryfall.com/card/m20/196/thicket-crasher?utm_source=api
94,M20,34,7af1cb1b28f57af33e9a966b6689e0365bad57f0dc7b640ad4a6c5cc6ada42a3,09bd4e1c-9861-481f-80dc-4de955c8d3af,Cloudkin Seer,{2}{U},Creature — Elemental Wizard,"Flying
When this creature enters, draw a card.",full_now,simple_triggered_creatures,data,,,Flying plus an ETB Draw trigger is directly expressible.,https://scryfall.com/card/m20/54/cloudkin-seer?utm_source=api
95,M20,35,7b399433be5f4669f63a67822f4f262af71b36923d763b4d11b53c85817503af,7c0ef3b7-b368-4a5b-8cbe-bf1f47610f74,Daggersail Aeronaut,{3}{R},Creature — Goblin,"During your turn, this creature has flying.",blocked,,primitive,turn_conditional_keyword,,A static keyword cannot apply only during its controller's turn.,https://scryfall.com/card/m20/133/daggersail-aeronaut?utm_source=api
96,M20,36,7ffe8a6c46d553e6d9f2c44534998f67c8c18062bdfd6e99c8698a9f93b164d3,2f4ad084-2062-44c0-9975-15f100204531,Swiftwater Cliffs,,Land,"This land enters tapped.
When this land enters, you gain 1 life.
{T}: Add {U} or {R}.",partial_now,,primitive,enters_tapped,,"The ETB life gain and mana ability work, but the land cannot enter tapped.",https://scryfall.com/card/m20/252/swiftwater-cliffs?utm_source=api
97,M20,37,80013c9c72cb14f61e8d512c81368c1cdac4054ae2d9f4daafcd1dd4d6c7d345,89247308-e16f-4f60-a2a2-0b5e297c1fc1,Reckless Air Strike,{R},Sorcery,"Choose one —
• Reckless Air Strike deals 3 damage to target creature with flying.
• Destroy target artifact.",partial_now,,primitive,target_filter_keyword,,"The artifact-destruction mode works, but the damage mode cannot require flying.",https://scryfall.com/card/m20/154/reckless-air-strike?utm_source=api
98,M20,38,8057d18c65d8b48bb29fbcd8239fdfe0bdfab8e06d33910acad7b995db4aadbd,924c7c4e-9c4b-496a-ba49-7fb3918a8d07,Metropolis Sprite,{1}{U},Creature — Faerie Rogue,"Flying
{U}: This creature gets +1/-1 until end of turn.",full_now,activated_creatures,data,,,A mana-cost source +1/-1 pump is directly expressible.,https://scryfall.com/card/m20/66/metropolis-sprite?utm_source=api
99,M20,39,80c4511b134e748a5b5605e1bfc6aafee9454b900e0a973b6fffe28058b91083,4cdc2120-7051-45b8-b877-87ffaf396ee7,Scorch Spitter,{R},Creature — Elemental Lizard,"Whenever this creature attacks, it deals 1 damage to the player or planeswalker it's attacking.",partial_now,,system,attack_defender_recipient,planeswalker_targets,"The attack damage can approximate the opponent in 1v1, but the attacked player or planeswalker is not carried generically.",https://scryfall.com/card/m20/159/scorch-spitter?utm_source=api
100,M20,40,80fabeccb55d23e69e31511821189a583490c3c4caf48b97a9b2435b11ddfa0e,6de714e1-446d-4fb9-9e3d-bcd3ec6af9ca,Jungle Hollow,,Land,"This land enters tapped.
When this land enters, you gain 1 life.
{T}: Add {B} or {G}.",partial_now,,primitive,enters_tapped,,"The ETB life gain and mana ability work, but the land cannot enter tapped.",https://scryfall.com/card/m20/248/jungle-hollow?utm_source=api
101,M20,41,87d3e7d6e5f6cbbcba104c18793dab7cb0fa86b79c88af872ef035d4a36d826a,60b6bd93-3eb3-4b81-bc4d-1e3351ee2e64,Soul Salvage,{2}{B},Sorcery,Return up to two target creature cards from your graveyard to your hand.,partial_now,,primitive,multiple_optional_targets,,"Returning one creature card works, but ReturnFromGraveyard cannot select up to two targets.",https://scryfall.com/card/m20/116/soul-salvage?utm_source=api
102,M20,42,8879054b521c3bc6ce04e76eb7f68ac8e26fc91e34a974f693323539f5e3ec01,47437865-0032-4f47-b0ab-034cc841bb84,Chandra's Outrage,{2}{R}{R},Instant,Chandra's Outrage deals 4 damage to target creature and 2 damage to that creature's controller.,blocked,,primitive,target_controller_recipient,,DamagePlayer cannot name the controller of the damaged creature target.,https://scryfall.com/card/m20/130/chandras-outrage?utm_source=api
103,M20,43,8879b50d6827b087cc805f387dbe8632c27ce14f00e314f857d57d91f55a86b1,c1d5a631-a963-43a4-a5c0-1ba23bd88d0f,Sorcerer of the Fang,{1}{B},Creature — Human Wizard Sorcerer,"{5}{B}, {T}: This creature deals 2 damage to target opponent or planeswalker.",partial_now,,system,planeswalker_targets,,"The tap-and-mana opponent damage works, but planeswalkers are not modeled as damage targets.",https://scryfall.com/card/m20/114/sorcerer-of-the-fang?utm_source=api
104,M20,44,8c7ccf5050699b35fc8c70e4eaaf09b6d5aabd64c00337e79e1ba84a5d566bb7,67330f45-d08c-4fe2-8ae3-8d18939c512a,Gorging Vulture,{2}{B},Creature — Bird,"Flying
When this creature enters, mill four cards. You gain 1 life for each creature card milled this way. (To mill four cards, put the top four cards of your library into your graveyard.)",blocked,,primitive,mill_result_aggregation,,The engine cannot mill its controller untargeted and count creature cards among those milled for life gain.,https://scryfall.com/card/m20/102/gorging-vulture?utm_source=api
105,M20,45,9000dbc2d6543d8358a15ae248e6045a75b1b3370e03d640eba46d6ae3c744b6,865812c2-1838-4015-bf0d-990af76f7000,Squad Captain,{4}{W},Creature — Human Soldier,"Vigilance (Attacking doesn't cause this creature to tap.)
This creature enters with a +1/+1 counter on it for each other creature you control.",blocked,,primitive,enters_with_dynamic_counters,,No ETB replacement computes counters from other creatures controlled.,https://scryfall.com/card/m20/38/squad-captain?utm_source=api
106,M20,46,90f14b1efa6b6f545c09b0c5a0973daf491cb56dd8fdd56fbb70c065aba47a94,b5dbb212-0399-475b-a831-921f7c76cdc4,Maniacal Rage,{1}{R},Enchantment — Aura,"Enchant creature
Enchanted creature gets +2/+2 and can't block.",full_now,auras_and_equipment,data,,,Attached P/T modification plus can't-block is exact.,https://scryfall.com/card/m20/149/maniacal-rage?utm_source=api
107,M20,47,91869f567e10fead2e3b52828cceceec6ca0f9c21ce18fc961efb21fbf4a6895,c623aeb1-e6d4-48fe-bd2a-a7a6729aa4df,Winged Words,{2}{U},Sorcery,"This spell costs {1} less to cast if you control a creature with flying.
Draw two cards.",partial_now,,primitive,conditional_spell_cost_reduction,,"Drawing two works, but the conditional cost reduction is unsupported.",https://scryfall.com/card/m20/80/winged-words?utm_source=api
108,M20,48,9594d495a2bc9ed4f7334edcffef31269d638897fee8fa06ed8990f0e132c4ec,0b0c98ba-3505-40aa-b0f2-e03c9790f51e,Glaring Aegis,{W},Enchantment — Aura,"Enchant creature
When this Aura enters, tap target creature an opponent controls.
Enchanted creature gets +1/+3.",partial_now,,primitive,opponent_controller_target_filter,,"The Aura and P/T modifier work, but its ETB tap target cannot be limited to an opponent's creature.",https://scryfall.com/card/m20/18/glaring-aegis?utm_source=api
109,M20,49,9617a4885e95419e6077727c4b8d06f56b0ffe0724d401f7b7f3a905ff5d0e52,f62d4437-bac6-49c8-9aeb-07de78551df7,Pack Mastiff,{1}{R},Creature — Dog,{1}{R}: Each creature you control named Pack Mastiff gets +1/+0 until end of turn.,blocked,,primitive,named_group_pump,,No effect pumps every creature controlled with a specified card name.,https://scryfall.com/card/m20/152/pack-mastiff?utm_source=api
110,M20,50,9754d8a9f3397a2bc56233d0e2cc66f62e1469dc9de98ad3c17178ebe4f25b01,780f8be6-d477-43ca-92ba-0fe480bbd54d,Goblin Bird-Grabber,{1}{R},Creature — Goblin,{R}: This creature gains flying until end of turn. Activate only if you control a creature with flying.,partial_now,,primitive,activation_condition_controlled_keyword,,"The self flying grant works, but activation cannot require controlling a creature with flying.",https://scryfall.com/card/m20/142/goblin-bird-grabber?utm_source=api
111,M20,51,9af6c70d9d1b2dfb46578288b9a5b1227fb25b96959f406c41c3b9705278db7e,5bf9f397-0216-4ec9-a57b-406758dcc233,Undead Servant,{3}{B},Creature — Zombie,"When this creature enters, create a 2/2 black Zombie creature token for each card named Undead Servant in your graveyard.",blocked,,primitive,dynamic_same_name_count,,Token creation cannot derive its count from same-named graveyard cards.,https://scryfall.com/card/m20/118/undead-servant?utm_source=api
112,M20,52,9b599640dd1935e74f3b18a3a6ac520a0e0181ba33a743c591e2066c841be2d2,b0af0c54-2a59-4075-8543-d41ff20c4c87,Wind-Scarred Crag,,Land,"This land enters tapped.
When this land enters, you gain 1 life.
{T}: Add {R} or {W}.",partial_now,,primitive,enters_tapped,,"The ETB life gain and mana ability work, but the land cannot enter tapped.",https://scryfall.com/card/m20/260/wind-scarred-crag?utm_source=api
113,M20,53,a1d227eb59e3feab6b5f3ca3e5aca39cb21d7956f644415bf900531f1fd539ba,17be934e-1e33-4b95-a984-242fa018e280,Vial of Dragonfire,{2},Artifact,"{2}, {T}, Sacrifice this artifact: It deals 2 damage to target creature.",blocked,,primitive,composite_activated_costs,,"AbilityCost cannot combine mana, tap, and sacrifice.",https://scryfall.com/card/m20/241/vial-of-dragonfire?utm_source=api
114,M20,54,a8736e00f68a125b5b198eb2b9269f42e94f1a9c21308b0fd55cf21114922981,cd201ded-cfaf-4a51-9fcc-6a61b3c910b0,Convolute,{2}{U},Instant,Counter target spell unless its controller pays {4}.,blocked,,primitive,soft_counter,,CounterTargetSpell cannot offer the spell's controller a mana payment to avoid being countered.,https://scryfall.com/card/m20/55/convolute?utm_source=api
115,M20,55,a90bbb3c80b9f334c811c8bb7f133364b3198483c3053078a41d27d06c75eeb4,68a2e371-ccf0-4c2a-aeef-c66852811e1a,Boreal Elemental,{4}{U},Creature — Elemental,"Flying
Spells your opponents cast that target this creature cost {2} more to cast.",blocked,,system,targeting_cost_increase,,The engine has no ward-style cost increase for spells targeting this permanent.,https://scryfall.com/card/m20/49/boreal-elemental?utm_source=api
116,M20,56,ac86ce75ed2abdf5d00025e6d7a60e26f2992e3dba5fb5c052d667f339102915,2701b912-b672-4764-97f7-51c444f754f2,Healer of the Glade,{G},Creature — Elemental,"When this creature enters, you gain 3 life.",full_now,simple_triggered_creatures,data,,,The ETB GainLife trigger is directly expressible.,https://scryfall.com/card/m20/176/healer-of-the-glade?utm_source=api
117,M20,57,ac9faf93b7440f48600ffe3702881bd757a9351013dab95b7fb997f9a549e35b,004f82f0-74cc-4bc7-ab22-ab1a5247bc29,Keldon Raider,{2}{R}{R},Creature — Human Warrior,"When this creature enters, you may discard a card. If you do, draw a card.",blocked,,custom,optional_discard_then_draw,,The optional discard choice is not an untargeted controller choice in the current effect model.,https://scryfall.com/card/m20/146/keldon-raider?utm_source=api
118,M20,58,ade7c7ac2d88cc0e5424699e3df7684bc59e75d7dd2963692b6554a024f547e0,d23119ca-73d1-4a48-a8d0-dab8919d891f,Infuriate,{R},Instant,Target creature gets +3/+2 until end of turn.,full_now,combat_tricks,data,,,A fixed PumpTarget effect exactly represents the spell.,https://scryfall.com/card/m20/145/infuriate?utm_source=api
119,M20,59,af792782a839812fffac350e951be49e97f36ed6330e76d6996cb00c57e0856b,05b5c0fb-84b2-4a32-bf66-179c4dccb3df,Natural End,{2}{G},Instant,Destroy target artifact or enchantment. You gain 3 life.,full_now,targeted_removal,data,,,A filtered DestroyTarget followed by GainLife is exact.,https://scryfall.com/card/m20/183/natural-end?utm_source=api
120,M20,60,b04b6a7025928b7aabff55f1fa731ca1353aa70fa1f6e81dbf615ac7b741784a,55eb9310-f24b-410b-850b-a7d0d5117946,Leafkin Druid,{1}{G},Creature — Elemental Druid,"{T}: Add {G}. If you control four or more creatures, add {G}{G} instead.",partial_now,,system,conditional_mana_output,,"The base mana ability works, but its output cannot depend on creature count.",https://scryfall.com/card/m20/178/leafkin-druid?utm_source=api
121,M21,1,093358b1ffb634f6810e5570febe4ca3d6c2ead734d37aa3ccaf8c628018f8e3,550811ca-0995-4886-aa8c-5cee118aa54f,Spellgorger Weird,{2}{R},Creature — Weird,"Whenever you cast a noncreature spell, put a +1/+1 counter on this creature.",full_now,simple_triggered_creatures,data,,,The noncreature-cast trigger can put a counter on its source.,https://scryfall.com/card/m21/161/spellgorger-weird?utm_source=api
122,M21,2,094939d078ee522df56c4537fff42b33f3fe81504dfb8e3bb2b33643d3c3fc48,48a53d6e-0320-4b9c-b692-6d0fc00e46cc,Rambunctious Mutt,{3}{W}{W},Creature — Dog,"When this creature enters, destroy target artifact or enchantment an opponent controls.",partial_now,,primitive,opponent_controller_target_filter,,"The ETB destroy effect works, but the target cannot be limited to an opponent's permanent.",https://scryfall.com/card/m21/30/rambunctious-mutt?utm_source=api
123,M21,3,0ce90ac6467db2cfbab7ab360d6f3410b6f0d106306786f52393ae01fc4cb02f,4339f621-8502-4433-a37a-654591ca1b43,Turn to Slag,{3}{R}{R},Sorcery,Turn to Slag deals 5 damage to target creature. Destroy all Equipment attached to that creature.,partial_now,,system,destroy_attached_equipment,,"The creature damage works, but no effect destroys all Equipment attached to that target.",https://scryfall.com/card/m21/168/turn-to-slag?utm_source=api
124,M21,4,0d4e0bdba01589c17676a61e5c7640d59050f861a4c0a2d90a3212e795ef4f43,1758e102-22da-4cb3-98d5-76f7501d026d,Gale Swooper,{3}{W},Creature — Griffin,"Flying
When this creature enters, target creature gains flying until end of turn.",full_now,simple_triggered_creatures,data,,,The ETB targeted flying grant is directly expressible.,https://scryfall.com/card/m21/20/gale-swooper?utm_source=api
125,M21,5,16b65c8157606d76579c1930ad604827767069290ef789e1f9e6493227567aa5,f0cbf361-d7dc-4556-a654-71c08785095a,Crypt Lurker,{3}{B},Creature — Horror,"When this creature enters, you may sacrifice a creature or discard a creature card. If you do, draw a card.",full_now,resolution_choices,data,,,The optional sacrifice-or-discard resolution branches conditionally continue to Draw.,https://scryfall.com/card/m21/93/crypt-lurker?utm_source=api
126,M21,6,179ea838a534eacc8985b4e4ccf396970f9e35331a20deae46f77be5ffeac4ec,d3de6b36-c631-4b52-b16b-0749a347d73d,Daybreak Charger,{1}{W},Creature — Unicorn,"When this creature enters, target creature gets +2/+0 until end of turn.",full_now,simple_triggered_creatures,data,,,The ETB target pump is directly expressible.,https://scryfall.com/card/m21/14/daybreak-charger?utm_source=api
127,M21,7,1aceb0d4561a54083780c5598f69bbc31c7518625500c9e4879615cc43271104,c1177f22-a1cf-4da3-a68d-ff954e878403,Goblin Arsonist,{R},Creature — Goblin Shaman,"When this creature dies, you may have it deal 1 damage to any target.",partial_now,,system,planeswalker_and_battle_targets,,"The may dies trigger works for creatures and players, but planeswalkers and battles are not modeled as damage targets.",https://scryfall.com/card/m21/147/goblin-arsonist?utm_source=api
128,M21,8,1d331e2b85d0fae8f2db4f884a644e7799c47caed78eeea8aeb8693beba93eff,f621dcaa-c500-4a17-a65a-60d9b5516a3b,Goblin Wizardry,{3}{R},Instant,"Create two 1/1 red Goblin Wizard creature tokens with prowess. (Whenever you cast a noncreature spell, they get +1/+1 until end of turn.)",blocked,,system,token_triggered_abilities,,Token definitions cannot carry the prowess triggered ability.,https://scryfall.com/card/m21/148/goblin-wizardry?utm_source=api
129,M21,9,1d705927ed895c549e3878ebf4098416ac915a80a7cdd67e4e37f3f8747ae8e4,ed14c7fa-632c-47ee-9db0-8c492771121a,Burn Bright,{2}{R},Instant,Creatures you control get +2/+0 until end of turn.,full_now,mass_buffs,data,,,PumpAll can select creatures controlled by the caster.,https://scryfall.com/card/m21/134/burn-bright?utm_source=api
130,M21,10,1ec74e0bf38f5287ff7ac7acf4edcf55c48327da66e5e4f048f6edd33c5598b3,863a5ddb-2d66-4a07-bafc-38290776d5c0,Mistral Singer,{2}{U},Creature — Siren,"Flying
Prowess (Whenever you cast a noncreature spell, this creature gets +1/+1 until end of turn.)",full_now,simple_triggered_creatures,data,,,Prowess is expressible as a noncreature-cast trigger pumping the source.,https://scryfall.com/card/m21/58/mistral-singer?utm_source=api
131,M21,11,24a1e71cc3947c7b2bbab5da71cd735c56b5c005f652f554601f614aa8fbbbca,7b428e94-8428-455f-b555-f648fcdd2127,Hunter's Edge,{3}{G},Sorcery,Put a +1/+1 counter on target creature you control. Then that creature deals damage equal to its power to target creature you don't control.,blocked,,primitive,power_based_creature_damage,multiple_distinct_targets,The countered creature must deal its updated power to a different target.,https://scryfall.com/card/m21/189/hunters-edge?utm_source=api
132,M21,12,283c8bca3ae200fa37fb80e4a36cd7c620424af4640bdeb15d1cd5ad255694eb,e6ae536a-95c0-495d-98b8-200b3564dd79,Destructive Tampering,{2}{R},Sorcery,"Choose one —
• Destroy target artifact.
• Creatures without flying can't block this turn.",partial_now,,primitive,blocking_restriction_mass,,"The artifact-destruction mode works, but the nonflying block prohibition is unsupported.",https://scryfall.com/card/m21/141/destructive-tampering?utm_source=api
133,M21,13,29ee4861deca6f4e007074261b4b730e491bed4f8fbcda7babe33cec8520b04f,382097b3-f753-493c-bde4-101c0538feb4,Frost Breath,{2}{U},Instant,Tap up to two target creatures. Those creatures don't untap during their controller's next untap step.,blocked,,primitive,skip_next_untap,multiple_optional_targets,The engine lacks both up-to-two tapping and a next-untap suppression effect.,https://scryfall.com/card/m21/51/frost-breath?utm_source=api
134,M21,14,2ba13023880e29ff63ffe17e190c996ba59cbf8fe5e26d32b20b45a10ccadec8,a217f386-11b5-48f0-b173-3b0700ba295f,Portcullis Vine,{G},Creature — Plant Wall,"Defender (This creature can't attack.)
{2}, {T}, Sacrifice a creature with defender: Draw a card.",blocked,,primitive,composite_activated_costs,sacrifice_filter,"AbilityCost cannot combine mana, tap, and sacrificing another defender creature.",https://scryfall.com/card/m21/195/portcullis-vine?utm_source=api
135,M21,15,2ff87adbf198b93f80c6bada4e55bd31cab81ed0e2609127c9bd7520e6d8ff3c,da4f4094-b0ce-4b5b-8ac3-8c0a5159220f,Sabertooth Mauler,{3}{G},Creature — Cat,"At the beginning of your end step, if a creature died this turn, put a +1/+1 counter on this creature and untap it.",blocked,,system,end_step_trigger,died_this_turn_watcher,The engine lacks end-step triggers and the required turn-history watcher.,https://scryfall.com/card/m21/202/sabertooth-mauler?utm_source=api
136,M21,16,30f3b8ac71e75bdfbd8300c7005c54c5c7881d6736f6ebb2b6654126853b3ba8,6db442e5-fbcc-4456-a4c5-bea1aee3fc8e,Radiant Fountain,,Land,"When this land enters, you gain 2 life.
{T}: Add {C}.",full_now,mana_permanents,data,,,The ETB GainLife trigger and colorless mana ability compose exactly.,https://scryfall.com/card/m21/248/radiant-fountain?utm_source=api
137,M21,17,35baeff3fca4267266875c787ef503251dc8408d4aa80672eba016c1183e2bd6,3ff3b9c4-80ec-44d9-99ec-6fea3a86468b,Setessan Training,{1}{G},Enchantment — Aura,"Enchant creature you control
When this Aura enters, draw a card.
Enchanted creature gets +1/+0 and has trample. (It can deal excess combat damage to the player or planeswalker it's attacking.)",full_now,auras_and_equipment,data,,,"Controlled-creature AuraAttach, ETB Draw, and attached P/T plus trample are exact.",https://scryfall.com/card/m21/205/setessan-training?utm_source=api
138,M21,18,3617ad2b2fa54382bcce4c9b97228891b928b05b072098cbf393cf2d2aa8879e,8a15841a-dcb6-454a-b865-43a067f42b4e,Trufflesnout,{2}{G},Creature — Boar,"When this creature enters, choose one —
• Put a +1/+1 counter on this creature.
• You gain 4 life.",full_now,resolution_choices,data,,,The modal triggered ability publishes its modes and resolves only the selected mode.,https://scryfall.com/card/m21/212/trufflesnout?utm_source=api
139,M21,19,3720242ab653b1d99fe32ef64a8d113cbb55c460b9ebe9661f60ca2566523344,1d07856b-d9ef-418c-bd06-3888dbcaddf4,Vodalian Arcanist,{1}{U},Creature — Merfolk Wizard,{T}: Add {C}. Spend this mana only to cast an instant or sorcery spell.,partial_now,,system,restricted_mana_spending,,"The colorless mana ability works, but spending cannot be limited to instants or sorceries.",https://scryfall.com/card/m21/83/vodalian-arcanist?utm_source=api
140,M21,20,378cb30e9b2bb900e7155dd07e25dab0488a1546ffb256a6b002b56032983d88,4600e968-fe3a-446a-a306-bd10e6763e0d,Rise Again,{4}{B},Sorcery,Return target creature card from your graveyard to the battlefield.,full_now,graveyard_return,data,,,ReturnFromGraveyard supports creature cards entering under the caster's control.,https://scryfall.com/card/m21/119/rise-again?utm_source=api
141,M21,21,37fa16f5f15db298894433729dd7ab850bafe8800ebf18617cb243fe159b4b42,cc1203cb-6758-4454-b78b-341930ff4da1,Liliana's Steward,{B},Creature — Zombie,"{T}, Sacrifice this creature: Target opponent discards a card. Activate only as a sorcery.",blocked,,primitive,composite_activated_costs,activation_timing_and_discard_choice,"The cost, sorcery-speed restriction, and opponent-controlled discard choice are unsupported.",https://scryfall.com/card/m21/111/lilianas-steward?utm_source=api
142,M21,22,3893f5b9c612218e62c9f748b73831d2772da8d22d07dd5e2eeb8e9928489e3f,5462cb38-7cd7-46e8-a273-35d0d1af45b4,Run Afoul,{G},Instant,Target opponent sacrifices a creature of their choice with flying.,blocked,,primitive,sacrifice_filter_keyword,,TargetPlayerSacrifices cannot require the sacrificed creature to have flying.,https://scryfall.com/card/m21/201/run-afoul?utm_source=api
143,M21,23,3c12057c3252186a3ed515909705992fbc7f1e245651b8c0934acb7b15c53a2a,f75ed312-3a23-4624-80c5-03980aa22d0b,Llanowar Visionary,{2}{G},Creature — Elf Druid,"When this creature enters, draw a card.
{T}: Add {G}.",full_now,simple_triggered_creatures,data,,,The ETB Draw trigger and tap mana ability compose exactly.,https://scryfall.com/card/m21/193/llanowar-visionary?utm_source=api
144,M21,24,417cb080f3309877d239f702bd3d992a91cc0bfe1eda72c63eb60681cc72e69b,ee811356-ef6a-4972-b827-32c2d329b3c3,Drowsing Tyrannodon,{1}{G},Creature — Dinosaur,"Defender (This creature can't attack.)
As long as you control a creature with power 4 or greater, this creature can attack as though it didn't have defender.",blocked,,system,conditional_defender_override,,Attack legality cannot conditionally ignore defender based on another creature's power.,https://scryfall.com/card/m21/178/drowsing-tyrannodon?utm_source=api
145,M21,25,463e9f318fde1ee9f0855494ac9dbf2a6d2a1a1f0af93e4c8284286678a151ae,4b5f30a6-b0fb-4dcb-85d5-1db1bba73737,Valorous Steed,{4}{W},Creature — Unicorn,"Vigilance (Attacking doesn't cause this creature to tap.)
When this creature enters, create a 2/2 white Knight creature token with vigilance.",full_now,token_makers,data,,,Vigilance plus the ETB Knight-token creation are supported.,https://scryfall.com/card/m21/42/valorous-steed?utm_source=api
146,M21,26,47586c82adab14cca5ee128488688c383adda8366866e543606d80f67af6967d,ce873790-de4d-4ba3-8023-c44306ba3ff8,Deathbloom Thallid,{2}{B},Creature — Fungus,"When this creature dies, create a 1/1 green Saproling creature token.",full_now,token_makers,data,,,The dies-triggered Saproling creation is directly expressible.,https://scryfall.com/card/m21/94/deathbloom-thallid?utm_source=api
147,M21,27,4d76849dc285ee3929cbcd51790ff49f46c9bf60cd57ec4b39999d29c43c4330,81f5c70f-fbb1-4b3a-a048-1f4602adfa0e,Celestial Enforcer,{2}{W},Creature — Human Cleric,"{1}{W}, {T}: Tap target creature. Activate only if you control a creature with flying.",partial_now,,primitive,activation_condition_controlled_keyword,,"The tap-and-mana TapTarget ability works, but activation cannot require controlling a creature with flying.",https://scryfall.com/card/m21/11/celestial-enforcer?utm_source=api
148,M21,28,4e1117a7acd5c62fd80d29eb9b38bbd99ffd9e515fb0c778132fcd024ed98e74,8291bc2e-ef58-4bd4-b261-b587142bbb1c,Ornery Dilophosaur,{3}{G},Creature — Dinosaur,"Deathtouch (Any amount of damage this deals to a creature is enough to destroy it.)
Whenever this creature attacks, if you control a creature with power 4 or greater, this creature gets +2/+2 until end of turn.",blocked,,primitive,attack_condition_controlled_power,,The attack pump cannot be conditioned on controlling a creature with power four or greater.,https://scryfall.com/card/m21/194/ornery-dilophosaur?utm_source=api
149,M21,29,50c581ba6d621de24e700204bad8e930a2a1bbc670324a0ee414af380b567416,4e698713-6203-44f2-b438-1b26b951536d,Alchemist's Gift,{B},Instant,Target creature gets +1/+1 and gains your choice of deathtouch or lifelink until end of turn. (Any amount of damage a creature with deathtouch deals to a creature is enough to destroy it. Damage dealt by a creature with lifelink also causes its controller to gain that much life.),full_now,combat_tricks,data,,,Two modal pump-plus-keyword modes exactly represent the choice.,https://scryfall.com/card/m21/87/alchemists-gift?utm_source=api
150,M21,30,5168e0e5d69a24d25ed5fc9b2874e6eba3751b4cca1e543efa9158479287c70d,7616dacf-44e2-4b03-b120-875cc2e50ea5,Warded Battlements,{2}{W},Creature — Wall,"Defender (This creature can't attack.)
Attacking creatures you control get +1/+0.",blocked,,primitive,attacking_creature_static_scope,,Static anthem filters cannot select only attacking creatures.,https://scryfall.com/card/m21/44/warded-battlements?utm_source=api
151,M21,31,59d37a99d7374aab7114e3c9ff42fc08e4418e8a281f91857c3f5ea3d342fda5,1cb0610b-a731-42c2-b93f-0a29f63cebf4,Thrill of Possibility,{1}{R},Instant,"As an additional cost to cast this spell, discard a card.
Draw two cards.",blocked,,primitive,additional_spell_costs,,Spell casting cannot require discarding a card as an additional cost.,https://scryfall.com/card/m21/165/thrill-of-possibility?utm_source=api
152,M21,32,5b2a7a915dd4757a2ec27c252d741ac84617bfbe0ef90ff4c87fa2c3d9e5082c,f8c2d9c5-6fe6-4698-9972-83cdd625d94b,Defiant Strike,{W},Instant,"Target creature gets +1/+0 until end of turn.
Draw a card.",full_now,combat_tricks,data,,,PumpTarget followed by Draw exactly represents the spell.,https://scryfall.com/card/m21/15/defiant-strike?utm_source=api
153,M21,33,5b65404d70a6f024e51fc2c8ba89e8720a5d7b586373077e83462c966f24f9e2,eb0e6f63-2861-4392-ac0e-64380fbbd8ae,Library Larcenist,{2}{U},Creature — Merfolk Rogue,"Whenever this creature attacks, draw a card.",full_now,simple_triggered_creatures,data,,,The attack-triggered Draw effect is directly expressible.,https://scryfall.com/card/m21/55/library-larcenist?utm_source=api
154,M21,34,5e22be585856ea014c0b08ba73dafc17bc6f335c15730adfd665a7ec28508b87,8b6e2feb-9e8f-4912-ada0-1614502d9813,Makeshift Battalion,{2}{W},Creature — Human Soldier,"Battalion — Whenever this creature and at least two other creatures attack, put a +1/+1 counter on this creature.",blocked,,primitive,attack_group_condition,,The attack trigger cannot require this creature and at least two other attackers.,https://scryfall.com/card/m21/26/makeshift-battalion?utm_source=api
155,M21,35,611e97ce7e48b273fe2f368cbe0bb59876b220c2473231c623f3dfe6fbfe0ccb,0f63de7b-03f2-49ad-b217-88fe9c50d68a,Snarespinner,{1}{G},Creature — Spider,"Reach
Whenever this creature blocks a creature with flying, this creature gets +2/+0 until end of turn.",blocked,,primitive,blocks_creature_trigger,,No trigger condition observes this creature blocking a creature with flying.,https://scryfall.com/card/m21/207/snarespinner?utm_source=api
156,M21,36,72e69f7bf218f725e557288074dbb76b9db2166e8d2a2af19e472d4bd5631785,cdb68656-633d-436e-ad56-0fdb4814bd19,Fetid Imp,{1}{B},Creature — Imp,"Flying
{B}: This creature gains deathtouch until end of turn. (Any amount of damage it deals to a creature is enough to destroy it.)",full_now,activated_creatures,data,,,A mana-cost source deathtouch grant is directly expressible.,https://scryfall.com/card/m21/98/fetid-imp?utm_source=api
157,M21,37,73a0f18cc0fad969773fc4b6a9253ac3d17788a137e4eed6e72056d3755f9e51,5820d760-8ed7-4abf-a959-c06ed86a3730,Swift Response,{1}{W},Instant,Destroy target tapped creature.,full_now,targeted_removal,data,,,DestroyTarget supports the tapped-creature filter.,https://scryfall.com/card/m21/40/swift-response?utm_source=api
158,M21,38,7669f94e6c19f70a2adcd71f8b3e89713d5ea1c3f91ebc63558ce9c87bb31e2b,2038f505-7b03-4c63-bc44-c5139729dd05,Feat of Resistance,{1}{W},Instant,"Put a +1/+1 counter on target creature you control. It gains protection from the color of your choice until end of turn. (It can't be blocked, targeted, dealt damage, enchanted, or equipped by anything of that color.)",blocked,,system,protection,,Protection and its color choice are not modeled.,https://scryfall.com/card/m21/19/feat-of-resistance?utm_source=api
159,M21,39,786b2a91b8fed521f0dcb39bda2901c197d3e466ed131b9246b7491a71762ddb,3a124fe5-f525-43e5-9746-501c68a98330,Spined Megalodon,{5}{U}{U},Creature — Shark,"Hexproof (This creature can't be the target of spells or abilities your opponents control.)
Whenever this creature attacks, scry 1. (Look at the top card of your library. You may put that card on the bottom.)",full_now,simple_triggered_creatures,data,,,Hexproof plus an attack-triggered Scry effect is directly expressible.,https://scryfall.com/card/m21/72/spined-megalodon?utm_source=api
160,M21,40,7b2bfe30e3a51971083499dfeda7164ee7f64681bb1fbef40d678037d1f0f675,86e2bbdd-a788-4f76-9ebb-ef48d9bc9dcf,Pitchburn Devils,{4}{R},Creature — Devil,"When this creature dies, it deals 3 damage to any target.",partial_now,,system,planeswalker_and_battle_targets,,"The dies trigger works for creatures and players, but planeswalkers and battles are not modeled as damage targets.",https://scryfall.com/card/m21/156/pitchburn-devils?utm_source=api
161,M21,41,8860edce6956ec77fdb094e7aa7d7d500406dec875199f4f6188a480b4367df6,98deac9e-28ea-4d11-8d75-833bf6d66e6e,Keen Glidemaster,{1}{U},Creature — Human Soldier,{2}{U}: Target creature gains flying until end of turn.,full_now,activated_creatures,data,,,A mana-cost targeted flying grant is directly expressible.,https://scryfall.com/card/m21/54/keen-glidemaster?utm_source=api
162,M21,42,89204443f4c61ade36a0c0f7bea338a7bc5981fa64ccad1f4f696f06757a6a2f,365548fb-5acc-4a8a-b20b-26d28b7d029f,Village Rites,{B},Instant,"As an additional cost to cast this spell, sacrifice a creature.
Draw two cards.",blocked,,primitive,additional_spell_costs,,Spell casting cannot require sacrificing a creature as an additional cost.,https://scryfall.com/card/m21/126/village-rites?utm_source=api
163,M21,43,8b7ea4f3b25b2619966934441d2c87db0aecd028122c808f40606c7084306750,e5cc1492-c9cc-48f0-8c11-02ead883675c,Gloom Sower,{5}{B}{B},Creature — Horror,"Whenever this creature becomes blocked by a creature, that creature's controller loses 2 life and you gain 2 life.",blocked,,primitive,becomes_blocked_trigger,blocking_creature_controller_recipient,The engine lacks the block trigger and a recipient for that blocking creature's controller.,https://scryfall.com/card/m21/100/gloom-sower?utm_source=api
164,M21,44,8f782cdbe8e6ecb87897611e8158892d183dc5c601d7efd487ec90291dafc6e5,35dfe1c7-48ab-436f-9a6e-44835ea01cf9,Wall of Runes,{U},Creature — Wall,"Defender (This creature can't attack.)
When this creature enters, scry 1. (Look at the top card of your library. You may put that card on the bottom.)",full_now,simple_triggered_creatures,data,,,Defender plus an ETB Scry effect is directly expressible.,https://scryfall.com/card/m21/85/wall-of-runes?utm_source=api
165,M21,45,931adedb69cf4128ce116e52f0d471d336173ecd0daaa5d58e5f1752e534284d,fb4a044b-f25d-47ff-b272-754e577ce50a,Turret Ogre,{3}{R},Creature — Ogre Warrior,"Reach (This creature can block creatures with flying.)
When this creature enters, if you control another creature with power 4 or greater, this creature deals 2 damage to each opponent.",blocked,,primitive,etb_condition_controlled_power,,The ETB damage cannot test for another creature with power four or greater.,https://scryfall.com/card/m21/169/turret-ogre?utm_source=api
166,M21,46,9f5269277883e92cb6252313178ec7dcd48d07a670267d779b6a7e2e9a18bb4c,306549ad-84c7-4983-840b-9663799e9f40,Rousing Read,{2}{U},Enchantment — Aura,"Enchant creature
When this Aura enters, draw two cards, then discard a card.
Enchanted creature gets +1/+1 and has flying.",partial_now,,primitive,controller_discard_choice,,"The Aura modifier works, but its ETB draw-then-discard sequence lacks an untargeted controller discard choice.",https://scryfall.com/card/m21/67/rousing-read?utm_source=api
167,M21,47,a1cbb1576f6454a3e79d89193343c4a7a19cd22eb813544ab975d853e6a3225e,494c819d-7d73-432b-8c96-4cb9dcd31094,Grasp of Darkness,{B}{B},Instant,Target creature gets -4/-4 until end of turn.,full_now,combat_tricks,data,,,A negative PumpTarget effect exactly represents the spell.,https://scryfall.com/card/m21/102/grasp-of-darkness?utm_source=api
168,M21,48,a1e36ad8af23f0ec2fb88a4ffc4927c259fe5f0474d0c0389108e52b4c6fd2ea,2dc59566-10cb-468a-b6a2-17d6c0186e6d,Capture Sphere,{3}{U},Enchantment — Aura,"Flash (You may cast this spell any time you could cast an instant.)
Enchant creature
When this Aura enters, tap enchanted creature.
Enchanted creature doesn't untap during its controller's untap step.",blocked,,system,attached_untap_restriction,attached_subject_effect,The Aura cannot tap its attached object without retargeting or keep it from untapping.,https://scryfall.com/card/m21/47/capture-sphere?utm_source=api
169,M21,49,a34fb8bc310ffe1f184ab7d3a19a883319a44e0ebf8a3d22abf3406459364f1b,6de38910-8d0d-4fac-b9db-c80ffd1850ea,Bone Pit Brute,{4}{R}{R},Creature — Cyclops,"Menace (This creature can't be blocked except by two or more creatures.)
When this creature enters, target creature gets +4/+0 until end of turn.",full_now,simple_triggered_creatures,data,,,Menace plus the ETB target pump is directly expressible.,https://scryfall.com/card/m21/132/bone-pit-brute?utm_source=api
170,M21,50,a4136e38171fe6a61a71108b76c4dd845d2182d33992acb9a03931cf5911d5aa,15d2176b-ab3d-4738-bcbc-bcebf891d16e,Life Goes On,{G},Instant,"You gain 4 life. If a creature died this turn, you gain 8 life instead.",partial_now,,system,died_this_turn_watcher,,"GainLife 4 works, but the engine cannot replace it with 8 based on a creature dying this turn.",https://scryfall.com/card/m21/192/life-goes-on?utm_source=api
171,M21,51,a43905cd832181e58343f2345d20f1fc8f687534323ebc61f16353bc71a3b928,3c8a6c58-f4af-4809-af86-a931313fa71e,Finishing Blow,{4}{B},Instant,Destroy target creature or planeswalker.,partial_now,,system,planeswalker_targets,,"Creature destruction works, but planeswalkers are not modeled as targets.",https://scryfall.com/card/m21/99/finishing-blow?utm_source=api
172,M21,52,a5b446fd56f072273f48509219054c6a2891297fc22a3d2d73350bcf2edc069a,0d5eb0b9-9b08-4d26-b141-a9d612a680a6,Roaming Ghostlight,{3}{U}{U},Creature — Spirit,"Flying
When this creature enters, return up to one target non-Spirit creature to its owner's hand.",full_now,simple_triggered_creatures,data,,,A may-style optional ETB target plus the excluded Spirit subtype filter exactly represents the bounce.,https://scryfall.com/card/m21/65/roaming-ghostlight?utm_source=api
173,M21,53,a5c40f879d8f82f928b60da5aeec2a5d7d3a47aa6ab81ec0e2ede96b36331375,f9672b63-415a-448b-a3da-140df63a0f0c,Pridemalkin,{2}{G},Creature — Cat,"When this creature enters, put a +1/+1 counter on target creature you control.
Each creature you control with a +1/+1 counter on it has trample. (It can deal excess combat damage to the player or planeswalker it's attacking.)",partial_now,,primitive,counter_based_static_scope,,"The ETB counter works, but the static trample grant cannot filter creatures by counters.",https://scryfall.com/card/m21/196/pridemalkin?utm_source=api
174,M21,54,a7b7caa0f32e351c7f1a05c1875728ffd58ba39c993464694357793f096ea66d,e84f1727-ce01-44be-aebf-8a0c4e032c9a,Teferi's Protege,{2}{U},Creature — Human Wizard,"{1}{U}, {T}: Draw a card, then discard a card.",blocked,,primitive,controller_discard_choice,,The engine lacks an untargeted draw-then-controller-discards effect for an activated ability.,https://scryfall.com/card/m21/77/teferis-protege?utm_source=api
175,M21,55,aca6dbc94141737d381a13d40b7b4e0ba3ef0356ccfd9de5ae7dab792eef1ec0,a2c4537e-70a6-416d-9e8b-f549ad535147,Chandra's Magmutt,{1}{R},Creature — Elemental Dog,{T}: This creature deals 1 damage to target player or planeswalker.,partial_now,,system,planeswalker_targets,,"Player damage works, but planeswalkers are not modeled as targets.",https://scryfall.com/card/m21/137/chandras-magmutt?utm_source=api
176,M21,56,adef17489876ee44e231e92d3643d2ee370b6cd6ed488036bc01b89676620626,430b3e61-09a5-4390-b377-89830cacf66e,Caged Zombie,{2}{B},Creature — Zombie,"{1}{B}, {T}: Each opponent loses 2 life. Activate only if a creature died this turn.",blocked,,system,died_this_turn_watcher,untargeted_opponent_life_loss,The activation condition and untargeted each-opponent life loss are unsupported.,https://scryfall.com/card/m21/91/caged-zombie?utm_source=api
177,M21,57,b7d0049a79871a2539b96617d34745431cc3c5fd8a464eb3f9249ff82f40ee50,0d899095-cef7-43d2-aaf7-eb73b62f5ec8,Igneous Cur,{1}{R},Creature — Elemental Dog,{1}{R}: This creature gets +2/+0 until end of turn.,full_now,activated_creatures,data,,,A mana-cost source pump is directly expressible.,https://scryfall.com/card/m21/153/igneous-cur?utm_source=api
178,M21,58,b8f566c367c419b847554a3c30aa15dd781f916d572a7239823ffe5a9d0fb1e0,e3ca6b70-01d2-44e9-937a-a2d50bbf9d10,Dub,{2}{W},Enchantment — Aura,"Enchant creature
Enchanted creature gets +2/+2, has first strike, and is a Knight in addition to its other types. (It deals combat damage before creatures without first strike.)",partial_now,,system,type_adding_effect,,"The Aura's P/T and first strike work, but it cannot add the Knight subtype.",https://scryfall.com/card/m21/16/dub?utm_source=api
179,M21,59,ba76fddf242d6997be74795237ad52224ecd532dd50171f1c59e83626b224631,912bc348-9ba3-4001-90a8-104d2bb17527,Silent Dart,{1},Artifact,"{4}, {T}, Sacrifice this artifact: It deals 3 damage to target creature.",blocked,,primitive,composite_activated_costs,,"AbilityCost cannot combine mana, tap, and sacrifice.",https://scryfall.com/card/m21/237/silent-dart?utm_source=api
180,M21,60,bda029a4ad0781cbc1f6da2bf30d7401cf6329f60d087c06bbd85a534a27b70a,dce4d65f-cb91-48a2-a2a7-013e73dfb667,Legion's Judgment,{2}{W},Sorcery,Destroy target creature with power 4 or greater.,blocked,,primitive,target_filter_power,,DestroyTarget cannot require power four or greater.,https://scryfall.com/card/m21/24/legions-judgment?utm_source=api
