"sample_id","stratum","stratum_rank","selection_hash","oracle_id","name","mana_cost","type_line","oracle_text","keywords","classification","implementation_family","recommended_tier","primary_gap","secondary_gaps","rationale","scryfall_uri"
"1","EOE","1","003916bc9b5456eb72632b3251c85a4318f25ad43acbc66678a6d2df3a6a23ee","ac5258c1-5b46-4892-a445-bfd56875f039","Plasma Bolt","{R}","Sorcery","Plasma Bolt deals 2 damage to any target.
Void — Plasma Bolt deals 3 damage instead if a nonland permanent left the battlefield this turn or a spell was warped this turn.","Void","partial_now","","system","void_history","","The base two-damage spell is supported, but Void needs a turn fact for any nonland permanent leaving or any spell being warped.","https://scryfall.com/card/eoe/152/plasma-bolt?utm_source=api"
"2","EOE","2","0225cb54a2c756f908c68ccb820965739b1a51c130a70b0ef96bf3a81fa7c0b6","57927909-11a9-44ef-989d-1dcca1f6e23f","Flight-Deck Coordinator","{2}{W}","Creature — Human Soldier","At the beginning of your end step, if you control two or more tapped creatures, you gain 2 life.","","blocked","","primitive","tapped_creature_count_condition","","The end-step trigger and life gain exist, but public battlefield conditions cannot count tapped creatures.","https://scryfall.com/card/eoe/17/flight-deck-coordinator?utm_source=api"
"3","EOE","3","02f66014f4c77aef99035c74b866f78d3e81859a24dad09861d1b61ec93ae6d8","86746a84-3e8a-44b4-8494-60cbee9816b5","Galactic Wayfarer","{2}{G}","Creature — Human Scout","When this creature enters, create a Lander token. (It's an artifact with ""{2}, {T}, Sacrifice this token: Search your library for a basic land card, put it onto the battlefield tapped, then shuffle."")","","full_now","token_makers","data","","","All functional Oracle clauses compose from the current token makers vocabulary.","https://scryfall.com/card/eoe/185/galactic-wayfarer?utm_source=api"
"4","EOE","4","04924a990f4fcf2c26ddda8c78e70886ed347127a4e86f16bc73804e9f9deb00","3abd2342-f783-4871-ac78-1a54b35722c2","Biosynthic Burst","{1}{G}","Instant","Put a +1/+1 counter on target creature you control. It gains reach, trample, and indestructible until end of turn. Untap it. (Damage and effects that say ""destroy"" don't destroy it.)","","full_now","combat_tricks","data","","","All functional Oracle clauses compose from the current combat tricks vocabulary.","https://scryfall.com/card/eoe/173/biosynthic-burst?utm_source=api"
"5","EOE","5","07d74d11f38f7696e23dfcf563d6c31e165d9f1ccf3a5f1f6889b0ec0999f11b","186efd85-83d4-40cc-b617-76f32dbe99ce","Radiant Strike","{3}{W}","Instant","Destroy target artifact or tapped creature. You gain 3 life.","","full_now","targeted_and_modal_removal","data","","","All functional Oracle clauses compose from the current targeted and modal removal vocabulary.","https://scryfall.com/card/eoe/29/radiant-strike?utm_source=api"
"6","EOE","6","0a9e7b86e9d4891b3a43ca1bc4ad152045762145d9781a4fdb27ab65f073bb6f","7c5183be-cddf-48fb-a4b5-dc5f6faf26de","Cloudsculpt Technician","{2}{U}","Creature — Jellyfish Artificer","Flying
As long as you control an artifact, this creature gets +1/+0.","Flying","full_now","conditional_static_creatures","data","","","All functional Oracle clauses compose from the current conditional static creatures vocabulary.","https://scryfall.com/card/eoe/49/cloudsculpt-technician?utm_source=api"
"7","EOE","7","0c21f597b67c58ec071a5faeadb98566a56989f4555da1f8dbe36c0a8898034e","05bbd557-e2c0-4855-8fe6-00527fa39878","Rig for War","{1}{R}","Instant","Target creature gets +3/+0 and gains reach and first strike until end of turn.","","full_now","combat_tricks","data","","","All functional Oracle clauses compose from the current combat tricks vocabulary.","https://scryfall.com/card/eoe/156/rig-for-war?utm_source=api"
"8","EOE","8","0d136e17e761fef9dbb1ff23a4c7d338b74171cd85ffb1bccd690c01f9ca64e9","cbc0b136-544d-45a6-be3e-cd21a573bf19","Illvoi Light Jammer","{1}{U}","Artifact — Equipment","Flash
When this Equipment enters, attach it to target creature you control. That creature gains hexproof until end of turn. (It can't be the target of spells or abilities your opponents control.)
Equipped creature gets +1/+2.
Equip {3}","Equip; Flash","partial_now","","primitive","equipment_enters_attachment","","Flash, equip, the attached modifier, and the temporary hexproof grant exist, but an Equipment ETB cannot attach itself to the chosen creature.","https://scryfall.com/card/eoe/60/illvoi-light-jammer?utm_source=api"
"9","EOE","9","0ee5bbd0693736e156dfbca805a2bc011a9f01767adcdd8bbef9a49e472eece6","9f9ae015-dc59-4ecb-a2bb-668496b48a48","Thaumaton Torpedo","{1}","Artifact","{6}, {T}, Sacrifice this artifact: Destroy target nonland permanent. This ability costs {3} less to activate if you attacked with a Spacecraft this turn.","","partial_now","","primitive","conditional_activated_cost_reduction","attacked_with_subtype_this_turn","The destroy ability works at its printed full cost, but activated costs cannot be reduced from a subtype-filtered attack fact.","https://scryfall.com/card/eoe/246/thaumaton-torpedo?utm_source=api"
"10","EOE","10","104833d511e7fa30ab223b7cd8ce1cd10e2f579601e9fe7048c33b9ef4e9e215","0ea2a099-7c81-4012-8148-4d377f2d64e1","Squire's Lightblade","{W}","Artifact — Equipment","Flash
When this Equipment enters, attach it to target creature you control. That creature gains first strike until end of turn.
Equipped creature gets +1/+0.
Equip {3}","Equip; Flash","partial_now","","primitive","equipment_enters_attachment","","Flash, equip, the attached modifier, and the temporary first-strike grant exist, but an Equipment ETB cannot attach itself.","https://scryfall.com/card/eoe/36/squires-lightblade?utm_source=api"
"11","EOE","11","161886e3b48e159945738a0df67daa459563c5c2452431d1dee9362360d25225","0863c4bc-1e3e-4ff9-8877-88d4021c85e5","Thawbringer","{2}{G}","Creature — Insect Scout","When this creature enters or dies, surveil 1. (Look at the top card of your library. You may put it into your graveyard.)","Surveil","full_now","surveil_cards","data","","","All functional Oracle clauses compose from the current surveil cards vocabulary.","https://scryfall.com/card/eoe/211/thawbringer?utm_source=api"
"12","EOE","12","20e71154319bb09862f8470993b5fb95c387a83ba991f8eb49b53875be6b94de","6d4d98a8-a5a3-4cc1-9277-c45dafe40ea0","Zookeeper Mechan","{1}{R}","Artifact Creature — Robot","{T}: Add {R}.
{6}{R}: Target creature you control gets +4/+0 until end of turn. Activate only as a sorcery.","","full_now","activated_permanents","data","","","All functional Oracle clauses compose from the current activated permanents vocabulary.","https://scryfall.com/card/eoe/170/zookeeper-mechan?utm_source=api"
"13","EOE","13","23426aabd7c7bfc61d55da2d6050ce3d822f54af9d3bae8dfd30ae64e0f0b146","8b13ec4d-812a-48b0-8a64-6847a694a03a","Exosuit Savior","{2}{W}","Creature — Human Soldier","Flying
When this creature enters, return up to one other target permanent you control to its owner's hand.","Flying","full_now","bounce_creatures","data","","","All functional Oracle clauses compose from the current bounce creatures vocabulary.","https://scryfall.com/card/eoe/16/exosuit-savior?utm_source=api"
"14","EOE","14","2347f12408b45b817ff5c0f43e9546a5a98cd42c964e179acf0d523b0e6b2533","1d6742a3-592b-4e67-8cc6-56e2962ad7c7","Meltstrider's Gear","{G}","Artifact — Equipment","When this Equipment enters, attach it to target creature you control.
Equipped creature gets +2/+1 and has reach.
Equip {5} ({5}: Attach to target creature you control. Equip only as a sorcery.)","Equip","partial_now","","primitive","equipment_enters_attachment","","Equip and the attached reach and P/T modifier work, but an Equipment ETB cannot attach itself.","https://scryfall.com/card/eoe/198/meltstriders-gear?utm_source=api"
"15","EOE","15","23489bdeb142022355c46ef0c21352bfc59e935bf1c668ea4031bf57536fcda4","9c009b3f-6580-4ab8-84e8-d4cf7a456a02","Gravpack Monoist","{2}{B}","Creature — Human Scout","Flying
When this creature dies, create a tapped 2/2 colorless Robot artifact creature token.","Flying","partial_now","","primitive","tapped_token_creation","","The death trigger and Robot token are representable, but ordinary token creation cannot make the token enter tapped.","https://scryfall.com/card/eoe/104/gravpack-monoist?utm_source=api"
"16","EOE","16","2b60a4b4bfab5fe74825bd2e575fbf90d39e9835e4ff837e4037f2e47c3925e6","0ff3afba-7a90-4f62-a1b0-b553ad81c32b","Zealous Display","{2}{W}","Instant","Creatures you control get +2/+0 until end of turn. If it's not your turn, untap those creatures.","","full_now","mass_combat_modifiers","data","","","All functional Oracle clauses compose from the current mass combat modifiers vocabulary.","https://scryfall.com/card/eoe/45/zealous-display?utm_source=api"
"17","EOE","17","3a9dde69ce4c07123fc7c5902ddebd69e8b83f984ca74edfb4e7ad56e043a572","6bb7419b-e085-4616-8e5c-4ed08cb2b4c1","Skystinger","{2}{G}","Creature — Insect Warrior","Reach
Whenever this creature blocks a creature with flying, this creature gets +5/+0 until end of turn.","Reach","full_now","combat_and_landfall_triggers","data","","","All functional Oracle clauses compose from the current combat and landfall triggers vocabulary.","https://scryfall.com/card/eoe/207/skystinger?utm_source=api"
"18","EOE","18","3cce8e06a8e3539fc57ef5253488e70871bb13bdca39e1d5271b3706d526849c","724b4a59-9c69-4f2b-a436-72183c62f1ff","Nebula Dragon","{6}{R}","Creature — Dragon","Flying
When this creature enters, it deals 3 damage to any target.","Flying","full_now","damage_and_counter_creatures","data","","","All functional Oracle clauses compose from the current damage and counter creatures vocabulary.","https://scryfall.com/card/eoe/147/nebula-dragon?utm_source=api"
"19","EOE","19","41bea18357b6b6d1185a4737e56b37f52c9900cddb2d65c9deba76f6be0c2bfb","1ac6fabb-71db-442f-8c14-ba9e659f906c","Chrome Companion","{2}","Artifact Creature — Dog","Whenever this creature becomes tapped, you gain 1 life.
{2}, {T}: Put target card from a graveyard on the bottom of its owner's library.","","partial_now","","primitive","becomes_tapped_trigger","","The graveyard-to-library activated ability is supported, but there is no event for this permanent becoming tapped.","https://scryfall.com/card/eoe/236/chrome-companion?utm_source=api"
"20","EOE","20","43ed76bb4e210f8a8cfbcb4a673116d1c097a79769369a98abb7e6f7ea2b2aed","5f532b7f-cb76-4be7-b361-0106c561dcb2","Sami's Curiosity","{G}","Sorcery","You gain 2 life. Create a Lander token. (It's an artifact with ""{2}, {T}, Sacrifice this token: Search your library for a basic land card, put it onto the battlefield tapped, then shuffle."")","","full_now","token_makers","data","","","All functional Oracle clauses compose from the current token makers vocabulary.","https://scryfall.com/card/eoe/203/samis-curiosity?utm_source=api"
"21","EOE","21","4868d20bd24e5956a4f51253283fc0887919a7a5cf968855185302d8ead21297","106e9c0d-67a2-4db7-97d9-03e1ea1b40b5","Cryogen Relic","{1}{U}","Artifact","When this artifact enters or leaves the battlefield, draw a card.
{1}{U}, Sacrifice this artifact: Put a stun counter on up to one target tapped creature. (If a permanent with a stun counter would become untapped, remove one from it instead.)","","partial_now","","primitive","self_leaves_battlefield_trigger","","The ETB draw and stun-counter activated ability are supported, but a source cannot trigger when it leaves the battlefield.","https://scryfall.com/card/eoe/52/cryogen-relic?utm_source=api"
"22","EOE","22","4ae492e05a97787730c15c00acde8eb4ebe73e2b364050917818599fecc7463f","aa704b26-729a-4d0f-b92d-56aadb1e20b9","Dockworker Drone","{1}{W}","Artifact Creature — Robot","This creature enters with a +1/+1 counter on it.
When this creature dies, put its counters on target creature you control.","","partial_now","","primitive","counter_transfer","","Entering with a +1/+1 counter is supported, but the dies trigger cannot count and move every counter from the old object onto one target.","https://scryfall.com/card/eoe/11/dockworker-drone?utm_source=api"
"23","EOE","23","4de9d8642a76d4659c1bbfda739e62eda7cad2fe3b12d3a97a27f6dab310089f","320ed2ec-ef06-41fb-ac8a-72579f11544c","Wurmwall Sweeper","{2}","Artifact — Spacecraft","When this Spacecraft enters, surveil 2.
Station (Tap another creature you control: Put charge counters equal to its power on this Spacecraft. Station only as a sorcery. It's an artifact creature at 4+.)
4+ | Flying","Surveil; Station","partial_now","","system","station","","The ETB surveil is supported, but Station needs tap-another-creature payment, power-scaled charge counters, and threshold-granted creature characteristics.","https://scryfall.com/card/eoe/249/wurmwall-sweeper?utm_source=api"
"24","EOE","24","551be1ac63b935ad82729d664f678aff4049b136e4d78906212b8e577ea805ef","4ba4cb4b-f421-4abd-8fcf-a01174447790","Selfcraft Mechan","{3}{U}","Artifact Creature — Robot Artificer","When this creature enters, you may sacrifice an artifact. When you do, put a +1/+1 counter on target creature and draw a card.","","full_now","reflexive_resolution_branches","data","","","All functional Oracle clauses compose from the current reflexive resolution branches vocabulary.","https://scryfall.com/card/eoe/74/selfcraft-mechan?utm_source=api"
"25","EOE","25","562786ecf9be905b28cb520fdf2a668632d835c42fb631df13d300bb2745bdff","76fdbc2c-d2b1-466f-9230-06e187bcc9e6","Divert Disaster","{1}{U}","Instant","Counter target spell unless its controller pays {2}. If they do, you create a Lander token. (It's an artifact with ""{2}, {T}, Sacrifice this token: Search your library for a basic land card, put it onto the battlefield tapped, then shuffle."")","","partial_now","","system","soft_counter_payment_result","","The counter-unless-pay-two instruction is supported, but later effects cannot branch on whether the targeted spell controller paid.","https://scryfall.com/card/eoe/55/divert-disaster?utm_source=api"
"26","EOE","26","58f06bb3f2848ada20fef9e21c04bd5de29f322d3dcbf7870ae1dd8f6566e316","31a0c9a2-c9bd-47f7-872b-a43fb64d873c","Brightspear Zealot","{2}{W}","Creature — Human Soldier","Vigilance
This creature gets +2/+0 as long as you've cast two or more spells this turn.","Vigilance","full_now","conditional_static_creatures","data","","","All functional Oracle clauses compose from the current conditional static creatures vocabulary.","https://scryfall.com/card/eoe/8/brightspear-zealot?utm_source=api"
"27","EOE","27","5e99fd9f0eb81b271468ea7e41a00822e462e023d4f5ce60a6e1e1d76bebdc5a","0c1b6305-8863-43e0-b50d-ae1c5e31be55","Comet Crawler","{2}{B}","Creature — Insect Horror","Lifelink
Whenever this creature attacks, you may sacrifice another creature or artifact. If you do, this creature gets +2/+0 until end of turn.","Lifelink","full_now","combat_and_landfall_triggers","data","","","All functional Oracle clauses compose from the current combat and landfall triggers vocabulary.","https://scryfall.com/card/eoe/92/comet-crawler?utm_source=api"
"28","EOE","28","649a6f188d21401e2b2719b2a1ef66fe07ce0b912060b4311f3a2ca86f3f7437","5454dddf-c6e5-4b0d-b96d-4904c13606dc","Starport Security","{W}","Artifact Creature — Robot Soldier","{3}{W}, {T}: Tap another target creature. This ability costs {2} less to activate if you control a creature with a +1/+1 counter on it.","","partial_now","","primitive","conditional_activated_cost_reduction","","The tap effect works at the printed full cost, but activated costs cannot be reduced by a live counter-bearing-creature condition.","https://scryfall.com/card/eoe/39/starport-security?utm_source=api"
"29","EOE","29","6759afa460e88b93191c0b3b0de78cfeb7df69766e503db8856fe2311419f3a8","86e0e718-82b5-4c99-9837-1b4d8729a27e","Melded Moxite","{1}{R}","Artifact","When this artifact enters, you may discard a card. If you do, draw two cards.
{3}, Sacrifice this artifact: Create a tapped 2/2 colorless Robot artifact creature token.","","partial_now","","primitive","tapped_token_creation","","The ETB discard-then-draw branch is supported, but the sacrifice ability cannot create a token tapped.","https://scryfall.com/card/eoe/143/melded-moxite?utm_source=api"
"30","EOE","30","67830e1b390efabc38462b6e5254dea9a86ef2d88508755cd5e0bb6127a43676","c0899c12-5462-4ff1-a9e5-d99cffa7c6cc","Bombard","{2}{R}","Instant","Bombard deals 4 damage to target creature.","","full_now","targeted_and_modal_removal","data","","","All functional Oracle clauses compose from the current targeted and modal removal vocabulary.","https://scryfall.com/card/eoe/129/bombard?utm_source=api"
"31","EOE","31","68be9e15cb67afb037c1026600975cc4b6013f43f74152d3c70bece760394831","ab282bb1-900e-40b8-9821-8e2de88927bc","Blooming Stinger","{1}{G}","Creature — Plant Scorpion","Deathtouch
When this creature enters, another target creature you control gains deathtouch until end of turn.","Deathtouch","full_now","damage_and_counter_creatures","data","","","All functional Oracle clauses compose from the current damage and counter creatures vocabulary.","https://scryfall.com/card/eoe/174/blooming-stinger?utm_source=api"
"32","EOE","32","6d45c9e7d537a44fc97ac92496769919b896e55c1b93ffe0a9fd549f656d2107","69a68dec-4b01-4528-81fc-a3c5f5097f72","Insatiable Skittermaw","{2}{B}","Creature — Insect Horror","Menace (This creature can't be blocked except by two or more creatures.)
Void — At the beginning of your end step, if a nonland permanent left the battlefield this turn or a spell was warped this turn, put a +1/+1 counter on this creature.","Menace; Void","partial_now","","system","void_history","","Menace is supported, but the end-step counter trigger needs the shared Void turn fact.","https://scryfall.com/card/eoe/108/insatiable-skittermaw?utm_source=api"
"33","EOE","33","70f0f363edb581670da047413e1e631aab0adfef5eda624fec64f9bf0c8ac2e9","11809d9b-30f3-49d5-9119-e45b4de044c8","Knight Luminary","{3}{W}","Creature — Human Knight","When this creature enters, create a 1/1 white Human Soldier creature token.
Warp {1}{W} (You may cast this card from your hand for its warp cost. Exile this creature at the beginning of the next end step, then you may cast it from exile on a later turn.)","Warp","partial_now","","system","warp","","The ETB Soldier token is supported, but Warp needs alternative casting from hand, delayed exile, and later casting permission from exile.","https://scryfall.com/card/eoe/23/knight-luminary?utm_source=api"
"34","EOE","34","721ca38626fa40ecdfff44cbc1bce1dbea51cb461dad3a37894c1e6a6e1e049b","528fe479-dab9-4cf8-bda0-1d226a644366","Kav Landseeker","{3}{R}","Creature — Kavu Soldier","Menace (This creature can't be blocked except by two or more creatures.)
When this creature enters, create a Lander token. At the beginning of the end step on your next turn, sacrifice that token. (It's an artifact with ""{2}, {T}, Sacrifice this token: Search your library for a basic land card, put it onto the battlefield tapped, then shuffle."")","Menace","partial_now","","system","delayed_trigger_on_next_controller_turn","","The ETB Lander is supported, but the sacrifice must wait for the end step of the controller next turn rather than the next end step.","https://scryfall.com/card/eoe/138/kav-landseeker?utm_source=api"
"35","EOE","35","75efafa907dbba9cc61c56a41c3a707907e70a6e740c8f20f334b1bb99852b09","0413e0e4-c8f8-44c3-a749-c799766bc8cd","Drill Too Deep","{1}{R}","Instant","Choose one —
• Put five charge counters on target Spacecraft or Planet you control.
• Destroy target artifact.","","partial_now","","primitive","charge_counters","","The artifact-destruction mode works, but charge counters are not an authored counter kind for the Spacecraft-or-Planet mode.","https://scryfall.com/card/eoe/133/drill-too-deep?utm_source=api"
"36","EOE","36","79017637442944e34071ea8d47aa9590acc2dd4c7b5b684c117624f315d904d5","448d9391-9d15-4aa1-87b3-a1d755666c03","Mental Modulation","{1}{U}","Instant","This spell costs {1} less to cast during your turn.
Tap target artifact or creature.
Draw a card.","","full_now","value_spells","data","","","All functional Oracle clauses compose from the current value spells vocabulary.","https://scryfall.com/card/eoe/67/mental-modulation?utm_source=api"
"37","EOE","37","7d83fadff7efa74a05ba4404de62a95e16ec4d9e7a095f4c336aa8bffa56a5a3","4d8ee903-17b3-43c9-9637-ee596955a9f4","Weftblade Enhancer","{5}{W}","Creature — Drix Artificer","When this creature enters, put a +1/+1 counter on each of up to two target creatures.
Warp {2}{W} (You may cast this card from your hand for its warp cost. Exile this creature at the beginning of the next end step, then you may cast it from exile on a later turn.)","Warp","partial_now","","system","warp","","The two-target ETB counter placement is supported, but Warp is not.","https://scryfall.com/card/eoe/44/weftblade-enhancer?utm_source=api"
"38","EOE","38","88017a05a875aed9de1ab8a88f59b27206365a7474c4ccfec6148c36032f2ca0","cec95b9f-9d1e-4988-befe-d0c9e20e428d","Lost in Space","{3}{U}","Instant","Target artifact or creature's owner puts it on their choice of the top or bottom of their library. Surveil 1. (Look at the top card of your library. You may put it into your graveyard.)","Surveil","full_now","owner_library_placement","data","","","All functional Oracle clauses compose from the current owner library placement vocabulary.","https://scryfall.com/card/eoe/62/lost-in-space?utm_source=api"
"39","EOE","39","8ae7588162360c02915bed4091daeee30acf2208b1426dfda78a690e1a16fd7a","2e0b225a-d4b4-4f53-8fea-8c6c37102920","Illvoi Operative","{1}{U}","Creature — Jellyfish Rogue","Whenever you cast your second spell each turn, put a +1/+1 counter on this creature.","","full_now","turn_ordinal_triggers","data","","","All functional Oracle clauses compose from the current turn ordinal triggers vocabulary.","https://scryfall.com/card/eoe/61/illvoi-operative?utm_source=api"
"40","EOE","40","93b2796dac8e942260bf813c7a8df2c823c49bc35790dc62c0e631a86a09767b","610d006a-3ceb-4136-b92b-a500c74d06b0","Frontline War-Rager","{2}{R}","Creature — Kavu Soldier","At the beginning of your end step, if you control two or more tapped creatures, put a +1/+1 counter on this creature.","","blocked","","primitive","tapped_creature_count_condition","","The end-step trigger can be authored, but its intervening condition cannot count tapped creatures.","https://scryfall.com/card/eoe/134/frontline-war-rager?utm_source=api"
"41","EOE","41","9644ce249d0d983cfedcc2c8fdb98fcfab480426f75243719a7846897eba0f8a","72e8c978-f66d-42e1-ac5f-d1c307d7b93c","Oreplate Pangolin","{1}{R}","Artifact Creature — Robot Pangolin","Whenever another artifact you control enters, you may pay {1}. If you do, put a +1/+1 counter on this creature.","","full_now","optional_mana_triggers","data","","","All functional Oracle clauses compose from the current optional mana triggers vocabulary.","https://scryfall.com/card/eoe/150/oreplate-pangolin?utm_source=api"
"42","EOE","42","98838ffd6356d2652eaa1886dba89e1c4f5b74761ea03bf7ca67edfcaeddd4a4","87c8e1ed-258a-4a89-bcc6-211405e49692","Command Bridge","","Land","This land enters tapped.
When this land enters, sacrifice it unless you tap an untapped permanent you control.
{T}: Add one mana of any color.","","partial_now","","primitive","tap_permanent_resolution_cost","","Tapped entry and any-color mana are supported, but the ETB branch cannot tap a selected untapped permanent as a resolution cost before deciding whether to sacrifice the land.","https://scryfall.com/card/eoe/252/command-bridge?utm_source=api"
"43","EOE","43","9abf7bb179602eb1f37b79a115c4ab4774a2fe385be34ef10c3ac746d4346311","67821712-e58f-4fee-81af-021059ac72ea","Gravblade Heavy","{3}{B}","Creature — Human Soldier","As long as you control an artifact, this creature gets +1/+0 and has deathtouch.","","full_now","conditional_static_creatures","data","","","All functional Oracle clauses compose from the current conditional static creatures vocabulary.","https://scryfall.com/card/eoe/102/gravblade-heavy?utm_source=api"
"44","EOE","44","9cf0eca6dba2ef08b87c3e5c0f9660c3ce0630e28fe65fbc420c425bfbe52c08","04a0382f-7e4e-4450-ae70-18999379d875","Nutrient Block","{1}","Artifact — Food","Indestructible (Effects that say ""destroy"" don't destroy this artifact.)
{2}, {T}, Sacrifice this artifact: You gain 3 life.
When this artifact is put into a graveyard from the battlefield, draw a card.","Indestructible","full_now","artifact_value_permanents","data","","","All functional Oracle clauses compose from the current artifact value permanents vocabulary.","https://scryfall.com/card/eoe/243/nutrient-block?utm_source=api"
"45","EOE","45","9f155b13b2f7e6be8943187a39b272063b2a2c59e0cea7937be40465e02de18f","d0025d29-d652-4af8-b367-13142d5532df","Mechan Shieldmate","{1}{U}","Artifact Creature — Robot Soldier","Defender
As long as an artifact entered the battlefield under your control this turn, this creature can attack as though it didn't have defender.","Defender","partial_now","","system","permanent_entered_this_turn_condition","","Defender is supported, but attack legality cannot depend on whether an artifact entered under the controller this turn.","https://scryfall.com/card/eoe/65/mechan-shieldmate?utm_source=api"
"46","EOE","46","a662865a10359d158e156e406c8f4ad78f32123096c502c7727248acd838530a","57b75be4-9229-4a48-a59e-a0f812f38637","Diplomatic Relations","{2}{G}","Instant","Target creature you control gets +1/+0 and gains vigilance until end of turn. It deals damage equal to its power to target creature an opponent controls.","","full_now","power_based_damage","data","","","All functional Oracle clauses compose from the current power based damage vocabulary.","https://scryfall.com/card/eoe/177/diplomatic-relations?utm_source=api"
"47","EOE","47","a6caf09c53ff829cf12b1f3cefd8c8a9a5da66eb5606927db2f440a47c78f1ec","7f1edf4c-46a1-426d-8ce9-757a4c27367d","Slagdrill Scrapper","{R}","Artifact Creature — Robot Scout","{2}, {T}, Sacrifice another artifact or land: Draw a card.","","full_now","sacrifice_activated_abilities","data","","","All functional Oracle clauses compose from the current sacrifice activated abilities vocabulary.","https://scryfall.com/card/eoe/160/slagdrill-scrapper?utm_source=api"
"48","EOE","48","a85d12e01dd4ce96cb7559dbd90a11e340bf0c3a9829a33a9fc0e569541758e4","e0a35a44-e56d-434e-8043-43d5031b2e84","Perigee Beckoner","{4}{B}","Creature — Horror","When this creature enters, until end of turn, another target creature you control gets +2/+0 and gains ""When this creature dies, return it to the battlefield tapped under its owner's control.""
Warp {1}{B} (You may cast this card from your hand for its warp cost. Exile this creature at the beginning of the next end step, then you may cast it from exile on a later turn.)","Warp","partial_now","","system","warp","","The temporary dies-and-return ability is supported, but Warp is not.","https://scryfall.com/card/eoe/112/perigee-beckoner?utm_source=api"
"49","EOE","49","ad4b9d6893cf28d2f5f2d4db003629c074e0d7c0c5586bf1e57883aa63779e8f","fd6afb5e-d99a-44a7-9af4-9f064da95d63","Starfighter Pilot","{1}{W}","Creature — Human Pilot","Whenever this creature becomes tapped, surveil 1. (Look at the top card of your library. You may put it into your graveyard.)","Surveil","blocked","","primitive","becomes_tapped_trigger","","Surveil is supported as an effect, but no trigger observes this permanent becoming tapped.","https://scryfall.com/card/eoe/38/starfighter-pilot?utm_source=api"
"50","EOE","50","adaa40efde17b439da0e9556f7e8b6534d107abe2a885d1b16fb880281d5b88e","abcb5321-c295-4abf-8622-7de79679d27a","Depressurize","{1}{B}","Instant","Target creature gets -3/-0 until end of turn. Then if that creature's power is 0 or less, destroy it.","","partial_now","","primitive","target_post_effect_condition","","The -3/-0 effect works, but resolution cannot inspect that same target derived power afterward and destroy it only at zero or less.","https://scryfall.com/card/eoe/95/depressurize?utm_source=api"
"51","EOE","51","afdd28698edcfb2127d730e58287170968cc10c0b7db5e2d7b1271c72105f42b","5e8a2416-e311-41ac-a3cd-be1c2441d542","Temporal Intervention","{2}{B}","Sorcery","Void — This spell costs {2} less to cast if a nonland permanent left the battlefield this turn or a spell was warped this turn.
Target opponent reveals their hand. You choose a nonland card from it. That player discards that card.","Void","partial_now","","system","void_history","","The private nonland discard is supported, but its generic cost reduction needs the shared Void turn fact.","https://scryfall.com/card/eoe/120/temporal-intervention?utm_source=api"
"52","EOE","52","b4367b6021d64a1e6322bbcece31890765e7b4f52a820408e894d2972ef465a4","b9650a0e-5795-42ff-84c6-6040e5cf4c90","Icecave Crasher","{3}{G}","Creature — Beast","Trample
Landfall — Whenever a land you control enters, this creature gets +1/+0 until end of turn.","Trample; Landfall","full_now","combat_and_landfall_triggers","data","","","All functional Oracle clauses compose from the current combat and landfall triggers vocabulary.","https://scryfall.com/card/eoe/191/icecave-crasher?utm_source=api"
"53","EOE","53","b6173059b402ec456dc0d9e501ea7ade9052ccf7d8e7d31421668525e4f6675b","bbe740f8-6e7c-4cfd-9134-9bf8d5f48cf5","Beamsaw Prospector","{1}{B}","Creature — Human Artificer","When this creature dies, create a Lander token. (It's an artifact with ""{2}, {T}, Sacrifice this token: Search your library for a basic land card, put it onto the battlefield tapped, then shuffle."")","","full_now","token_makers","data","","","All functional Oracle clauses compose from the current token makers vocabulary.","https://scryfall.com/card/eoe/89/beamsaw-prospector?utm_source=api"
"54","EOE","54","b6b7b39a6709a83554c0d5b389abcea5e16856d10c4ff41e1880abfbd6508401","42510758-6167-420b-bb70-65f914b7a259","Decode Transmissions","{2}{B}","Sorcery","You draw two cards and lose 2 life.
Void — If a nonland permanent left the battlefield this turn or a spell was warped this turn, instead you draw two cards and each opponent loses 2 life.","Void","partial_now","","system","void_history","","Draw two and lose two life are supported, but the replacement branch and opponent life loss need the shared Void turn fact.","https://scryfall.com/card/eoe/94/decode-transmissions?utm_source=api"
"55","EOE","55","b93c9a0691a0c31462a061f13a2d956cae1830bd427bcfacfdd6fb3530ce3409","ce25dd89-dcc7-4576-b148-ef4c1cd5290c","Fungal Colossus","{6}{G}","Creature — Fungus Beast","This spell costs {X} less to cast, where X is the number of differently named lands you control.","","blocked","","primitive","distinct_name_battlefield_count","","Cost reductions can count lands, but they cannot count only differently named lands.","https://scryfall.com/card/eoe/184/fungal-colossus?utm_source=api"
"56","EOE","56","bce288021a8b69cff4c95a0c3d9eeb1fd1feb7cd75f8f9263c748108dade725e","865715e9-6759-4e01-803d-702c959e386e","Cryoshatter","{U}","Enchantment — Aura","Enchant creature
Enchanted creature gets -5/-0.
When enchanted creature becomes tapped or is dealt damage, destroy it.","Enchant","partial_now","","primitive","attached_becomes_tapped_trigger","","The Aura modifier and damage-dealt observer are supported, but an Aura cannot also observe its attached creature becoming tapped.","https://scryfall.com/card/eoe/53/cryoshatter?utm_source=api"
"57","EOE","57","be24f96d2ae327b7371ba1bed8e1b1c27b2214d251c12dde17bb47315e460926","0a356d04-2e86-435b-9766-27b93b468a61","Gene Pollinator","{G}","Artifact Creature — Robot Insect","{T}, Tap an untapped permanent you control: Add one mana of any color.","","blocked","","primitive","tap_permanent_ability_cost","","Activated costs cannot tap a second selected untapped permanent in addition to tapping the source.","https://scryfall.com/card/eoe/186/gene-pollinator?utm_source=api"
"58","EOE","58","bf4ec5d4382fa72e443989da60e55eb4002ab08e6fe156226ed2c0a7a0ab24fb","d6273621-c36c-491b-85ca-37445ed30097","Illvoi Galeblade","{U}","Creature — Jellyfish Warrior","Flash
Flying
{2}, Sacrifice this creature: Draw a card.","Flying; Flash","full_now","activated_permanents","data","","","All functional Oracle clauses compose from the current activated permanents vocabulary.","https://scryfall.com/card/eoe/58/illvoi-galeblade?utm_source=api"
"59","EOE","59","c1d53dca7150a336beb9dcb51885d4ea04128af13048f49db03bc5fafb39ac59","709b9f76-0ea5-456c-b1db-2cf517370fde","Shattered Wings","{2}{G}","Sorcery","Destroy target artifact, enchantment, or creature with flying. Surveil 1. (Look at the top card of your library. You may put it into your graveyard.)","Surveil","full_now","targeted_and_modal_removal","data","","","All functional Oracle clauses compose from the current targeted and modal removal vocabulary.","https://scryfall.com/card/eoe/206/shattered-wings?utm_source=api"
"60","EOE","60","c3fc321cb3d18a411d0ca5d83c5074cc34dd0027e874d85216358eb15073a021","ded4009d-be23-4e36-a7a3-9e07230712ee","Dark Endurance","{1}{B}","Instant","This spell costs {1} less to cast if it targets a blocking creature.
Target creature gets +2/+0 and gains indestructible until end of turn. (Damage and effects that say ""destroy"" don't destroy it.)","","partial_now","","primitive","blocking_target_filter","","The pump and indestructible grant work, but target-cost reduction cannot distinguish a blocking creature from the broader attacking-or-blocking cohort.","https://scryfall.com/card/eoe/93/dark-endurance?utm_source=api"
"61","TLA","1","033b3c3d42f9014305d487b2dd21470d3fefd85c061a80fc5b8c5ee17e4c2a9c","d188a397-c7d9-4f16-bc21-d9e1b5ffc951","Sun-Blessed Peak","","Land","This land enters tapped.
{T}: Add {R} or {W}.
{4}, {T}, Sacrifice this land: Draw a card.","","full_now","utility_lands","data","","","All functional Oracle clauses compose from the current utility lands vocabulary.","https://scryfall.com/card/tla/280/sun-blessed-peak?utm_source=api"
"62","TLA","2","063a6fdeeec9eb4dd944da6998eaa53ccf71fe3beb5103359ea4c8c3552cd54d","ff5ce28b-25be-4136-a7b2-8f25c08a6455","Glider Kids","{2}{W}","Creature — Human Pilot Ally","Flying
When this creature enters, scry 1. (Look at the top card of your library. You may put it on the bottom.)","Scry; Flying","full_now","keyword_and_typecycling_creatures","data","","","All functional Oracle clauses compose from the current keyword and typecycling creatures vocabulary.","https://scryfall.com/card/tla/21/glider-kids?utm_source=api"
"63","TLA","3","079d748797ec90a4c345330e2c319e270b98104d7819bbc3a0983faeb9fe1fad","fefef024-3a05-4221-bb74-419ee08716e5","Pretending Poxbearers","{1}{W/B}","Creature — Human Citizen Ally","When this creature dies, create a 1/1 white Ally creature token.","","full_now","token_makers","data","","","All functional Oracle clauses compose from the current token makers vocabulary.","https://scryfall.com/card/tla/237/pretending-poxbearers?utm_source=api"
"64","TLA","4","0b656b83907e0d772014ce45af6b789b6622cd01636dbf1432aa36d4c22cdb24","6fec368d-374d-4318-861b-ff478ba51a3c","Octopus Form","{U}","Instant — Lesson","Target creature you control gets +1/+1 and gains hexproof until end of turn. Untap it. (It can't be the target of spells or abilities your opponents control.)","","full_now","combat_tricks","data","","","All functional Oracle clauses compose from the current combat tricks vocabulary.","https://scryfall.com/card/tla/66/octopus-form?utm_source=api"
"65","TLA","5","0f825cb59e9659f4561d916dc957994b92c1b6974f97de384c7fabdc3c24c877","f56c6c35-d09b-4bee-a685-98e9afed13d1","Azula Always Lies","{1}{B}","Instant — Lesson","Choose one or both —
• Target creature gets -1/-1 until end of turn.
• Put a +1/+1 counter on target creature.","","full_now","modal_and_multitarget_spells","data","","","All functional Oracle clauses compose from the current modal and multitarget spells vocabulary.","https://scryfall.com/card/tla/84/azula-always-lies?utm_source=api"
"66","TLA","6","14b45438b1110ffa86797ba2696e257a1079768389fb9d9de54c242f12c3d5d4","e2171c48-a816-41b2-aa55-e0ba2503fd6a","Otter-Penguin","{1}{U}","Creature — Otter Bird","Whenever you draw your second card each turn, this creature gets +1/+2 until end of turn and can't be blocked this turn.","","full_now","turn_ordinal_triggers","data","","","All functional Oracle clauses compose from the current turn ordinal triggers vocabulary.","https://scryfall.com/card/tla/67/otter-penguin?utm_source=api"
"67","TLA","7","1844b82ca98e97d639715b7f4d5ae9bef38d5c3edcff44f90711c7ba2dddc2c2","82333385-631f-4abf-b159-bb367f1c6fd9","Abandon Attachments","{1}{U/R}","Instant — Lesson","You may discard a card. If you do, draw two cards.","","full_now","value_spells","data","","","All functional Oracle clauses compose from the current value spells vocabulary.","https://scryfall.com/card/tla/205/abandon-attachments?utm_source=api"
"68","TLA","8","190aace417424b382dd0dd5201ea07c2d4200ce9e6740dede252e1df7ea4095b","74224cce-c2ce-4456-8a97-3abbbb199385","Rowdy Snowballers","{2}{U}","Creature — Human Peasant Ally","When this creature enters, tap target creature an opponent controls and put a stun counter on it. (If a permanent with a stun counter would become untapped, remove one from it instead.)","","full_now","tap_and_stun","data","","","All functional Oracle clauses compose from the current tap and stun vocabulary.","https://scryfall.com/card/tla/68/rowdy-snowballers?utm_source=api"
"69","TLA","9","1b86dc45a07113b04e501215c568164af439802ee9635bb17414771bbfa21e0b","7166bf81-05c2-457d-a0bb-a175175b8e79","Wandering Musicians","{3}{R/W}","Creature — Human Bard Ally","Whenever this creature attacks, creatures you control get +1/+0 until end of turn.","","full_now","mass_combat_modifiers","data","","","All functional Oracle clauses compose from the current mass combat modifiers vocabulary.","https://scryfall.com/card/tla/250/wandering-musicians?utm_source=api"
"70","TLA","10","1d249b12565d1e1d3da9f1d464004e86f248e266377100b49f5cd65739980b70","e93782e3-1b93-459a-a7de-06c3b6591e6f","Turtle-Duck","{G}","Creature — Turtle Bird","{3}: Until end of turn, this creature has base power 4 and gains trample.","","partial_now","","primitive","temporary_base_pt","","The temporary trample grant is supported, but an activated effect cannot set the source base power to 4 until end of turn.","https://scryfall.com/card/tla/200/turtle-duck?utm_source=api"
"71","TLA","11","1d997092825a528623956a80026cef97aa289818422e78551c58f32557b26a1c","a9bae56c-9666-42e8-94ec-03b0a964b142","Mongoose Lizard","{4}{R}{R}","Creature — Mongoose Lizard","Menace (This creature can't be blocked except by two or more creatures.)
When this creature enters, it deals 1 damage to any target.
Mountaincycling {2} ({2}, Discard this card: Search your library for a Mountain card, reveal it, put it into your hand, then shuffle.)","Mountaincycling; Landcycling; Menace; Typecycling; Cycling","full_now","typecycling_value_creatures","data","","","All functional Oracle clauses compose from the current typecycling value creatures vocabulary.","https://scryfall.com/card/tla/148/mongoose-lizard?utm_source=api"
"72","TLA","12","1ef320c0ed3a691da4e83c104ef898c66081fe248e44d54ad591ae3fb9e608f2","6a69d4b1-72dd-4599-a16d-32299de5b0b9","Sold Out","{3}{B}","Instant","Exile target creature. If it was dealt damage this turn, create a Clue token. (It's an artifact with ""{2}, Sacrifice this token: Draw a card."")","","partial_now","","primitive","target_damage_history_condition","","Exiling the target is supported, but resolution cannot test whether that exact creature was dealt damage this turn before creating the Clue.","https://scryfall.com/card/tla/119/sold-out?utm_source=api"
"73","TLA","13","267829c298d85ed0d70883092e43cba3f244223e13de2e06fa7eb5e6cd66ff83","b29abb09-75ea-431c-ab60-f2940d002e83","Kyoshi Warriors","{3}{W}","Creature — Human Warrior Ally","When this creature enters, create a 1/1 white Ally creature token.","","full_now","token_makers","data","","","All functional Oracle clauses compose from the current token makers vocabulary.","https://scryfall.com/card/tla/26/kyoshi-warriors?utm_source=api"
"74","TLA","14","275f37176b53d29c3089d671cd9d21a62efedbfbcba111600b0ed244126cd829","70401db7-edbc-402f-98ef-be74bd316273","Rebellious Captives","{1}{G}","Creature — Human Peasant Ally","Exhaust — {6}: Put two +1/+1 counters on this creature, then earthbend 2. (Target land you control becomes a 0/0 creature with haste that's still a land. Put two +1/+1 counters on it. When it dies or is exiled, return it to the battlefield tapped. Activate each exhaust ability only once.)","Exhaust; Earthbend","blocked","","system","earthbend","exhaust_once_per_object","Earthbend needs generation-bound land animation and return-on-dies-or-exile; Exhaust must remember one activation for the lifetime of an object rather than reset each turn.","https://scryfall.com/card/tla/191/rebellious-captives?utm_source=api"
"75","TLA","15","2ad42257d1b2a52982adb324f23c81585cdd43d4bdec2efd7ab9b985680c7763","e101b744-9175-4aa5-bf80-d6944359e538","Airbending Lesson","{2}{W}","Instant — Lesson","Airbend target nonland permanent. (Exile it. While it's exiled, its owner may cast it for {2} rather than its mana cost.)
Draw a card.","Airbend","partial_now","","system","airbend","","Draw a card is supported, but Airbend needs exile-linked alternative casting permission for the targeted nonland permanent.","https://scryfall.com/card/tla/8/airbending-lesson?utm_source=api"
"76","TLA","16","2bb0a4c18b9804984329cc367a10a324ddbcf28045ee6054eb18b6917cc3a5dd","5591efbc-1b2c-489a-b4f3-935c9b6bd71a","Dai Li Indoctrination","{1}{B}","Sorcery — Lesson","Choose one —
• Target opponent reveals their hand. You choose a nonland permanent card from it. That player discards that card.
• Earthbend 2. (Target land you control becomes a 0/0 creature with haste that's still a land. Put two +1/+1 counters on it. When it dies or is exiled, return it to the battlefield tapped.)","Earthbend","partial_now","","system","earthbend","","The private hand-discard mode is supported, but the Earthbend mode is not.","https://scryfall.com/card/tla/93/dai-li-indoctrination?utm_source=api"
"77","TLA","17","2d2a2beae5aaace7540e8bad16f58c76525e00a42f5c7999430942dfa0b2a5be","5ebfa3f5-f80a-4845-bba7-75c4ddb88682","Fire Nation Cadets","{R}","Creature — Human Soldier","This creature has firebending 2 as long as there's a Lesson card in your graveyard. (Whenever this creature attacks, add {R}{R}. This mana lasts until end of combat.)
{2}: This creature gets +1/+0 until end of turn.","","partial_now","","system","firebending","graveyard_subtype_condition","The ordinary pump ability is supported, but Firebending requires combat-scoped triggered mana and the static grant depends on a Lesson card in the graveyard.","https://scryfall.com/card/tla/134/fire-nation-cadets?utm_source=api"
"78","TLA","18","3421954c21d876bb8b5ca5bad4a7be3329892a32b540786b81c3cff00313f629","edd3a3ea-6bde-408c-8b16-85ed3cc312b2","Iguana Parrot","{2}{U}","Creature — Lizard Bird Pirate","Flying, vigilance
Prowess (Whenever you cast a noncreature spell, this creature gets +1/+1 until end of turn.)","Flying; Prowess; Vigilance","full_now","keyword_and_typecycling_creatures","data","","","All functional Oracle clauses compose from the current keyword and typecycling creatures vocabulary.","https://scryfall.com/card/tla/56/iguana-parrot?utm_source=api"
"79","TLA","19","34e8e133d5c71a7106342ec81a0d8ed0c71e43fe69290f5a60aee5dc7d31c122","5cf18398-9552-415e-a61f-2c149e35ec3d","Zuko's Exile","{5}","Instant — Lesson","Exile target artifact, creature, or enchantment. Its controller creates a Clue token. (It's an artifact with ""{2}, Sacrifice this token: Draw a card."")","","full_now","targeted_and_modal_removal","data","","","All functional Oracle clauses compose from the current targeted and modal removal vocabulary.","https://scryfall.com/card/tla/3/zukos-exile?utm_source=api"
"80","TLA","20","37ea13fe25ad50f0af53570cff2a2c47f75d95e626475f4144c307ebdf17f6bf","6f9a4bb2-5959-4a5c-83af-c2729e6673df","Omashu City","","Land","This land enters tapped.
{T}: Add {R} or {G}.
{4}, {T}, Sacrifice this land: Draw a card.","","full_now","utility_lands","data","","","All functional Oracle clauses compose from the current utility lands vocabulary.","https://scryfall.com/card/tla/275/omashu-city?utm_source=api"
"81","TLA","21","399a5eeb9d8483b5849645347a7381ca4342063e392d60bb862cfd95be0e7979","933e4e8a-01ea-4f58-8f5e-4f6c43f4e105","Platypus-Bear","{1}{G/U}","Creature — Platypus Bear","Defender
When this creature enters, mill two cards. (Put the top two cards of your library into your graveyard.)
As long as there is a Lesson card in your graveyard, this creature can attack as though it didn't have defender.","Mill; Defender","partial_now","","primitive","graveyard_subtype_condition","","Defender and the ETB mill are supported, but attack permission cannot test for a Lesson card in the graveyard.","https://scryfall.com/card/tla/236/platypus-bear?utm_source=api"
"82","TLA","22","39ae441137982f72915ba6a0e02524ce110b0a7cf5bb37bb4f44278bbf7aed99","e451b5aa-5832-42b3-8d72-f67e126a529f","Curious Farm Animals","{W}","Creature — Boar Elk Bird Ox","When this creature dies, you gain 3 life.
{2}, Sacrifice this creature: Destroy up to one target artifact or enchantment.","","full_now","activated_permanents","data","","","All functional Oracle clauses compose from the current activated permanents vocabulary.","https://scryfall.com/card/tla/14/curious-farm-animals?utm_source=api"
"83","TLA","23","3be48e812ab019bc8037c952e113d401c45479a1d15648fb651f9e87a32224c6","63e5180f-16d0-4524-94bf-ecbf3c417814","Yuyan Archers","{1}{R}","Creature — Human Archer","Reach
When this creature enters, you may discard a card. If you do, draw a card.","Reach","full_now","keyword_and_typecycling_creatures","data","","","All functional Oracle clauses compose from the current keyword and typecycling creatures vocabulary.","https://scryfall.com/card/tla/161/yuyan-archers?utm_source=api"
"84","TLA","24","417a244e5c5204dec3007b247729745156e38dce6884030f016cb783f75c1679","5d950fd4-8956-4b1a-ab0f-ab31bcffce4e","Callous Inspector","{B}","Creature — Human Soldier","Menace (This creature can't be blocked except by two or more creatures.)
When this creature dies, it deals 1 damage to you. Create a Clue token. (It's an artifact with ""{2}, Sacrifice this token: Draw a card."")","Menace","full_now","damage_and_counter_creatures","data","","","All functional Oracle clauses compose from the current damage and counter creatures vocabulary.","https://scryfall.com/card/tla/89/callous-inspector?utm_source=api"
"85","TLA","25","46de687e2ef73353d94dcf5c9acfc3723cd57c89e50a5fb4d4032b5c25601e58","7af493e3-15a1-42d6-a66c-82aacabe816f","Saber-Tooth Moose-Lion","{4}{G}{G}","Creature — Elk Cat","Reach
Forestcycling {2} ({2}, Discard this card: Search your library for a Forest card, reveal it, put it into your hand, then shuffle.)","Reach; Landcycling; Forestcycling; Typecycling; Cycling","full_now","keyword_and_typecycling_creatures","data","","","All functional Oracle clauses compose from the current keyword and typecycling creatures vocabulary.","https://scryfall.com/card/tla/194/saber-tooth-moose-lion?utm_source=api"
"86","TLA","26","46e814003ccedca0092e83b1e207c067ef11ef51e92afe08aae8ddbc27bfd374","7b0d9d79-2e86-4079-8db3-500483c8807e","Avatar Enthusiasts","{2}{W}","Creature — Human Peasant Ally","Whenever another Ally you control enters, put a +1/+1 counter on this creature.","","blocked","","primitive","trigger_object_subtype_filter","","Permanent-entry triggers cannot filter the entering creature by the Ally subtype.","https://scryfall.com/card/tla/11/avatar-enthusiasts?utm_source=api"
"87","TLA","27","473f7b605f32611258810013694a9b4400913f8121020cf0f220ff2f23806d1f","cb184995-700f-4900-994a-4ce7fd12f942","It'll Quench Ya!","{1}{U}","Instant — Lesson","Counter target spell unless its controller pays {2}.","","full_now","value_spells","data","","","All functional Oracle clauses compose from the current value spells vocabulary.","https://scryfall.com/card/tla/58/itll-quench-ya!?utm_source=api"
"88","TLA","28","49343b0330f1a75dbbcab385065b09758ef5d6831ce2887cacd2796a6574f9e1","c6cd520c-106b-4ee5-bc02-6c5fbdbc78dd","Barrels of Blasting Jelly","{1}","Artifact","{1}: Add one mana of any color. Activate only once each turn.
{5}, {T}, Sacrifice this artifact: It deals 5 damage to target creature.","","full_now","activated_permanents","data","","","All functional Oracle clauses compose from the current activated permanents vocabulary.","https://scryfall.com/card/tla/254/barrels-of-blasting-jelly?utm_source=api"
"89","TLA","29","4e0a4bab73fa25b4aa6088fb8358c8057b78c1f6288fdbfa300993a19870945a","01ed9139-293d-4477-a145-3c6fe59266c7","Airship Engine Room","","Land","This land enters tapped.
{T}: Add {U} or {R}.
{4}, {T}, Sacrifice this land: Draw a card.","","full_now","utility_lands","data","","","All functional Oracle clauses compose from the current utility lands vocabulary.","https://scryfall.com/card/tla/265/airship-engine-room?utm_source=api"
"90","TLA","30","545edb1d08eb76f9e01c1c6793ed269e2aec557b4e8a3566fe189856ea1b574e","2084a7f6-226b-4fb4-a30e-703f674d33b4","Badgermole","{4}{G}","Creature — Badger Mole","When this creature enters, earthbend 2. (Target land you control becomes a 0/0 creature with haste that's still a land. Put two +1/+1 counters on it. When it dies or is exiled, return it to the battlefield tapped.)
Creatures you control with +1/+1 counters on them have trample.","Earthbend","partial_now","","system","earthbend","","The +1/+1-counter trample anthem is supported, but the ETB Earthbend action is not.","https://scryfall.com/card/tla/166/badgermole?utm_source=api"
"91","TLA","31","5687a406c022eaec51b1ac51f1145a797601da7302c6fbc0f587762c0373d7f4","551e4356-5b1f-475c-a64b-9c50ea9b0368","Boar-q-pine","{2}{R}","Creature — Boar Porcupine","Whenever you cast a noncreature spell, put a +1/+1 counter on this creature.","","full_now","turn_ordinal_triggers","data","","","All functional Oracle clauses compose from the current turn ordinal triggers vocabulary.","https://scryfall.com/card/tla/124/boar-q-pine?utm_source=api"
"92","TLA","32","5698ad3c9b3bb4a5e67a649259fb9e3ef6999087ca5e4140a5e036cfd5f785d0","fb3a0910-a582-41ef-b5b9-3cda1f1cd5ce","Walltop Sentries","{2}{G}","Creature — Human Soldier Ally","Reach, deathtouch
When this creature dies, if there's a Lesson card in your graveyard, you gain 2 life.","Reach; Deathtouch","partial_now","","primitive","graveyard_subtype_condition","","Reach and deathtouch are supported, but the dies trigger cannot test for a Lesson card in the graveyard.","https://scryfall.com/card/tla/202/walltop-sentries?utm_source=api"
"93","TLA","33","584668b8c89f067e8c95e8effdc158285a0351f3aee975043da20e2bc9638718","66208129-20fb-4cb4-8f00-8d4574c9c653","Meditation Pools","","Land","This land enters tapped.
{T}: Add {G} or {U}.
{4}, {T}, Sacrifice this land: Draw a card.","","full_now","utility_lands","data","","","All functional Oracle clauses compose from the current utility lands vocabulary.","https://scryfall.com/card/tla/272/meditation-pools?utm_source=api"
"94","TLA","34","5b2e090acd97d236af407f1019c9f79a9e29ecf24a91afe4c0d1189ccdf89b2e","922176b8-7174-4248-92fb-b196ceb802c7","Treetop Freedom Fighters","{2}{R}","Creature — Human Rebel Ally","Haste
When this creature enters, create a 1/1 white Ally creature token.","Haste","full_now","token_makers","data","","","All functional Oracle clauses compose from the current token makers vocabulary.","https://scryfall.com/card/tla/156/treetop-freedom-fighters?utm_source=api"
"95","TLA","35","609a36f23e8828d2085f40f702ec6120c99875e12eb5f5b9c9b0289677cc6c8d","4289f2d4-3db2-4dd1-9c18-af3f78309844","Earth Kingdom Soldier","{4}{G/W}","Creature — Human Soldier","Vigilance
When this creature enters, put a +1/+1 counter on each of up to two target creatures you control.","Vigilance","full_now","modal_and_multitarget_spells","data","","","All functional Oracle clauses compose from the current modal and multitarget spells vocabulary.","https://scryfall.com/card/tla/216/earth-kingdom-soldier?utm_source=api"
"96","TLA","36","63d76c3602ced2df01b9b9b1f9f4f228bce96f79860cd46fdbce18ef13585b5f","6ef464bd-2ed0-4f99-af4a-ebf276f55384","Compassionate Healer","{1}{W}","Creature — Human Cleric Ally","Whenever this creature becomes tapped, you gain 1 life and scry 1. (Look at the top card of your library. You may put it on the bottom.)","Scry","blocked","","primitive","becomes_tapped_trigger","","Life gain and scry are supported effects, but no trigger observes this permanent becoming tapped.","https://scryfall.com/card/tla/13/compassionate-healer?utm_source=api"
"97","TLA","37","6486fe148cafa25a233c26a8809896a450753f05afb2ff6b67b77391db16a6cd","43b339ec-4d7d-41ac-a5ab-96c6a6de00e2","Vindictive Warden","{2}{B/R}","Creature — Human Soldier","Menace (This creature can't be blocked except by two or more creatures.)
Firebending 1 (Whenever this creature attacks, add {R}. This mana lasts until end of combat.)
{3}: This creature deals 1 damage to each opponent.","Firebending; Menace","partial_now","","system","firebending","","The each-opponent damage ability is supported, but Firebending combat mana is not.","https://scryfall.com/card/tla/249/vindictive-warden?utm_source=api"
"98","TLA","38","66326eaf0d5efb34d8395bb01638a75db51f0e79c9381cf2f98f5aec76983690","ddf461b9-a205-4dc7-a9c3-c047b1ff709f","Aang's Journey","{2}","Sorcery — Lesson","Kicker {2} (You may pay an additional {2} as you cast this spell.)
Search your library for a basic land card. If this spell was kicked, instead search your library for a basic land card and a Shrine card. Reveal those cards, put them into your hand, then shuffle.
You gain 2 life.","Kicker","partial_now","","primitive","cast_cost_conditional_search_filter","","Kicker, the ordinary basic search, and life gain are supported, but a paid kicker receipt cannot add a separately filtered Shrine card to the same search.","https://scryfall.com/card/tla/1/aangs-journey?utm_source=api"
"99","TLA","39","69be8c5de9b4c016f1dc2f86f76249e01f99992df81921f80be6b7cdaf0ed85b","ec84201d-757f-4a7a-b3a2-85ccd5ee81ae","Corrupt Court Official","{1}{B}","Creature — Human Advisor","When this creature enters, target opponent discards a card.","","full_now","discard_creatures","data","","","All functional Oracle clauses compose from the current discard creatures vocabulary.","https://scryfall.com/card/tla/92/corrupt-court-official?utm_source=api"
"100","TLA","40","6c7100354aa7c2b013ccef32053c1b14861c7c1fbc31918857010bbe4939a148","48252207-d345-455c-b655-c2027664e6a6","Rabaroo Troop","{3}{W}{W}","Creature — Rabbit Kangaroo","Landfall — Whenever a land you control enters, this creature gains flying until end of turn and you gain 1 life.
Plainscycling {2} ({2}, Discard this card: Search your library for a Plains card, reveal it, put it into your hand, then shuffle.)","Plainscycling; Landcycling; Typecycling; Cycling; Landfall","full_now","keyword_and_typecycling_creatures","data","","","All functional Oracle clauses compose from the current keyword and typecycling creatures vocabulary.","https://scryfall.com/card/tla/32/rabaroo-troop?utm_source=api"
"101","TLA","41","6efc06631eec4f5dfbe3cb78c380635520a02b4c8e170ba564be79f15773bed5","82fefb82-a436-488d-8ecd-594686117e34","Foggy Swamp Vinebender","{3}{G}","Creature — Human Plant Ally","This creature can't be blocked by creatures with power 2 or less.
Waterbend {5}: Put a +1/+1 counter on this creature. Activate only during your turn. (While paying a waterbend cost, you can tap your artifacts and creatures to help. Each one pays for {1}.)","Waterbend","blocked","","system","waterbend","blocker_power_restriction","Waterbend payment cannot tap artifacts or creatures toward the cost, and combat restrictions cannot exclude blockers only by their power.","https://scryfall.com/card/tla/180/foggy-swamp-vinebender?utm_source=api"
"102","TLA","42","7168f2c43735dd17d1c9c476e6982905e15b7ee209815c60a26feff9bc0480cf","5453550f-9136-4568-baf8-c3d20e33fbb6","Yip Yip!","{W}","Instant — Lesson","Target creature you control gets +2/+2 until end of turn. If that creature is an Ally, it also gains flying until end of turn.","","partial_now","","primitive","target_characteristic_conditional_effect","","The +2/+2 effect works, but the same chosen target cannot gain flying only when it is an Ally.","https://scryfall.com/card/tla/43/yip-yip!?utm_source=api"
"103","TLA","43","72c6a786535706d93d25e986b9cba61d60c7dee384e60dab18e73794cf895430","3bc47eae-cf6f-4b5e-96e1-94a4f307f474","Lost Days","{4}{U}","Instant — Lesson","The owner of target creature or enchantment puts it into their library second from the top or on the bottom. You create a Clue token. (It's an artifact with ""{2}, Sacrifice this token: Draw a card."")","","partial_now","","primitive","library_second_from_top","","The Clue and bottom placement are supported, but owner choice cannot place the target second from the top.","https://scryfall.com/card/tla/62/lost-days?utm_source=api"
"104","TLA","44","788dae026fa524ca8473399e0637d8e80e92855d375844d4d1440f7a403b5d73","3bc46467-323f-4cbf-9d0a-f3d2ae3c3a34","Bender's Waterskin","{3}","Artifact","Untap this artifact during each other player's untap step.
{T}: Add one mana of any color.","","partial_now","","primitive","other_player_untap_trigger","","The any-color mana ability works, but a permanent cannot untap during each other player untap step.","https://scryfall.com/card/tla/255/benders-waterskin?utm_source=api"
"105","TLA","45","7a3d2604c1572f6e5fcef7108467b509d0f4589d11a01f890dbbe6ebd19f9dd0","3d28886c-46bf-4d2e-a257-cb9016cc3573","Waterbending Lesson","{3}{U}","Sorcery — Lesson","Draw three cards. Then discard a card unless you waterbend {2}. (While paying a waterbend cost, you can tap your artifacts and creatures to help. Each one pays for {1}.)","Waterbend","partial_now","","system","waterbend","","Draw three then discard is supported, but resolution cannot offer Waterbend as the payment that skips the discard.","https://scryfall.com/card/tla/80/waterbending-lesson?utm_source=api"
"106","TLA","46","7b080967fbbe82ade5f8bd825e68e157374f31256e1679d8d543208777a2aa26","4771a871-576e-4a14-92f0-b5b41c63d615","Pirate Peddlers","{2}{B}","Creature — Human Pirate","Deathtouch
Whenever you sacrifice another permanent, put a +1/+1 counter on this creature.","Deathtouch","partial_now","","primitive","sacrifice_event_trigger","","Deathtouch is supported, but there is no observer trigger for sacrificing another permanent.","https://scryfall.com/card/tla/115/pirate-peddlers?utm_source=api"
"107","TLA","47","7b597204fb9d5e07665ccd6e83f9ce43d871e0570deb5934573ba87d85529573","ac94860b-70b8-4624-9758-4bb024a56f60","Path to Redemption","{1}{W}","Enchantment — Aura","Enchant creature
Enchanted creature can't attack or block.
{5}, Sacrifice this Aura: Exile enchanted creature. Create a 1/1 white Ally creature token. Activate only during your turn.","Enchant","partial_now","","primitive","attached_object_zone_effect","","The Aura restrictions are supported, but its activated ability cannot exile the currently enchanted object without targeting it.","https://scryfall.com/card/tla/31/path-to-redemption?utm_source=api"
"108","TLA","48","7b9fc4c4814bec6b6c625e3faddd6761e3b84c0ad70aad65abecfce6fed2f1da","3fcd1432-66d0-40e1-85ef-b57a6fa94b7c","North Pole Gates","","Land","This land enters tapped.
{T}: Add {W} or {U}.
{4}, {T}, Sacrifice this land: Draw a card.","","full_now","utility_lands","data","","","All functional Oracle clauses compose from the current utility lands vocabulary.","https://scryfall.com/card/tla/274/north-pole-gates?utm_source=api"
"109","TLA","49","7c0a5a010ec58b308fcb1456771d8e22f588a51e0c5941b89f94291f788d02b2","fd85db70-8616-42df-9dac-bad7923f88d7","Rocky Rebuke","{1}{G}","Instant","Target creature you control deals damage equal to its power to target creature an opponent controls.","","full_now","power_based_damage","data","","","All functional Oracle clauses compose from the current power based damage vocabulary.","https://scryfall.com/card/tla/193/rocky-rebuke?utm_source=api"
"110","TLA","50","84b8d72ac4c24bbbca8ea728f1e6a545644674ce8b32f0b2cb5549a3b0abe27e","da81b78b-89fd-4fc1-9395-b5b01b96be70","Kyoshi Village","","Land","This land enters tapped.
{T}: Add {G} or {W}.
{4}, {T}, Sacrifice this land: Draw a card.","","full_now","utility_lands","data","","","All functional Oracle clauses compose from the current utility lands vocabulary.","https://scryfall.com/card/tla/271/kyoshi-village?utm_source=api"
"111","TLA","51","89ecaf531f08e402eed215888599e2234bc20299c899577249d5bea054fc2ba0","1941cf7a-ad53-4bce-beea-104951619a30","Foggy Swamp Hunters","{3}{B}","Creature — Human Ranger Ally","As long as you've drawn two or more cards this turn, this creature has lifelink and menace. (It can't be blocked except by two or more creatures.)","","blocked","","system","cards_drawn_this_turn_condition","","Turn history supports draw ordinals for triggers, but continuous conditions cannot test how many cards the controller drew this turn.","https://scryfall.com/card/tla/101/foggy-swamp-hunters?utm_source=api"
"112","TLA","52","89f16afc74939b16d55de67661782b3984ca40b6fb83ca541c1db1b9918e2e82","520b2799-66bd-40bf-9bc0-9cd3aed321f5","Watery Grasp","{U}","Enchantment — Aura","Enchant creature
Enchanted creature doesn't untap during its controller's untap step.
Waterbend {5}: Enchanted creature's owner shuffles it into their library. (While paying a waterbend cost, you can tap your artifacts and creatures to help. Each one pays for {1}.)","Enchant; Waterbend","partial_now","","system","waterbend","attached_object_zone_effect","The Aura untap restriction works, but Waterbend payment and shuffling the attached object into its owner library are absent.","https://scryfall.com/card/tla/82/watery-grasp?utm_source=api"
"113","TLA","53","953d027744f1b874fdf8eef19f08dbab38bca71e77874867cb5c2d96e7bbe063","73ca3132-d849-4cf9-beba-75ba09789332","Deserter's Disciple","{1}{R}","Creature — Human Rebel Ally","{T}: Another target creature you control with power 2 or less can't be blocked this turn.","","full_now","activated_permanents","data","","","All functional Oracle clauses compose from the current activated permanents vocabulary.","https://scryfall.com/card/tla/131/deserters-disciple?utm_source=api"
"114","TLA","54","99790628f513fd7a3351c8aa94b4fe2cfc642cb24d837c43fd7cd9c861e4a026","77eda626-5cef-496d-b291-cfa1ee6fc1fb","Cycle of Renewal","{2}{G}","Instant — Lesson","Sacrifice a land. Search your library for up to two basic land cards, put them onto the battlefield tapped, then shuffle.","","full_now","value_spells","data","","","All functional Oracle clauses compose from the current value spells vocabulary.","https://scryfall.com/card/tla/170/cycle-of-renewal?utm_source=api"
"115","TLA","55","9db758342dcd981e8ed6fcf0ee2dfd09d9d2cd4b2924b25c294e56b70532936a","f715f701-a735-42ab-b31a-8e1bd04ac5ff","Serpent's Pass","","Land","This land enters tapped.
{T}: Add {U} or {B}.
{4}, {T}, Sacrifice this land: Draw a card.","","full_now","utility_lands","data","","","All functional Oracle clauses compose from the current utility lands vocabulary.","https://scryfall.com/card/tla/279/serpents-pass?utm_source=api"
"116","TLA","56","9fe8bfdec3ff6452ba67d31407f82ccbbd66d2a08b274c35b8ac61d53d751a50","3ac94b28-4b0a-4121-99b9-9cd7dff7948c","Rough Rhino Cavalry","{4}{R}","Creature — Human Mercenary","Firebending 2 (Whenever this creature attacks, add {R}{R}. This mana lasts until end of combat.)
Exhaust — {8}: Put two +1/+1 counters on this creature. It gains trample until end of turn. (Activate each exhaust ability only once.)","Exhaust; Firebending","blocked","","system","firebending","exhaust_once_per_object","Firebending combat mana is absent, and Exhaust must remember activation for the lifetime of the object rather than reset each turn.","https://scryfall.com/card/tla/152/rough-rhino-cavalry?utm_source=api"
"117","TLA","57","a8e34f7b0a3842a74e640b257798291ea29d93f4e36244845bf95eb070aba740","a5a05edd-2a30-414b-b766-f0651d5783f5","Forecasting Fortune Teller","{1}{U}","Creature — Human Advisor Ally","When this creature enters, create a Clue token. (It's an artifact with ""{2}, Sacrifice this token: Draw a card."")","","full_now","token_makers","data","","","All functional Oracle clauses compose from the current token makers vocabulary.","https://scryfall.com/card/tla/51/forecasting-fortune-teller?utm_source=api"
"118","TLA","58","b0376c1afb186b60b9c4881d26aeed34aa40f92c2c40a531f221f2487587579a","23820b45-2f3a-4b6e-99ea-d84caccb7e37","Merchant of Many Hats","{1}{B}","Creature — Human Peasant Ally","{2}{B}: Return this card from your graveyard to your hand.","","blocked","","primitive","return_graveyard_source_to_hand","","Graveyard abilities and exile-self costs exist, but an effect cannot move its own graveyard source back to hand.","https://scryfall.com/card/tla/110/merchant-of-many-hats?utm_source=api"
"119","TLA","59","b2d3f9e686ec348653c874dfc850c8a81f82568effdeb03662b338946ee9f222","0c6c4921-c6cb-4b4b-ac9d-10ccc89a5d1d","Water Tribe Captain","{2}{W}","Creature — Human Soldier Ally","{5}: Creatures you control get +1/+1 until end of turn.","","full_now","activated_permanents","data","","","All functional Oracle clauses compose from the current activated permanents vocabulary.","https://scryfall.com/card/tla/41/water-tribe-captain?utm_source=api"
"120","TLA","60","b92e5bc3abf8ab325f3ca3b6fbd6e4b29027cf8db0ecc414079f87b88b0ee9ad","b37e9bc5-6a2c-4f08-b856-3f8d0d16defb","Fire Nation Raider","{3}{R}","Creature — Human Soldier","Raid — When this creature enters, if you attacked this turn, create a Clue token. (It's an artifact with ""{2}, Sacrifice this token: Draw a card."")","Raid","full_now","combat_and_landfall_triggers","data","","","All functional Oracle clauses compose from the current combat and landfall triggers vocabulary.","https://scryfall.com/card/tla/135/fire-nation-raider?utm_source=api"
"121","ECL","1","0289b22948f618bcb30308a0cc6e417c944e5167c5a029574b8523548192af7b","a08f69f9-de48-46d6-8b75-31886159cf45","Boneclub Berserker","{3}{R}","Creature — Goblin Berserker","This creature gets +2/+0 for each other Goblin you control.","","blocked","","primitive","count_scaled_static_pt","","Static P/T modifiers are fixed; they cannot scale this source by the number of other Goblins controlled.","https://scryfall.com/card/ecl/126/boneclub-berserker?utm_source=api"
"122","ECL","2","09cd3228cb222d4e1634791b9490294442d44b1078fb565b9636afd66c83ad9e","63eed1f5-442f-433d-989c-397b88543162","Wary Farmer","{1}{G/W}{G/W}","Creature — Kithkin Citizen","At the beginning of your end step, if another creature entered the battlefield under your control this turn, surveil 1. (Look at the top card of your library. You may put it into your graveyard.)","Surveil","blocked","","system","permanent_entered_this_turn_condition","","The end-step trigger and surveil effect exist, but no turn-history condition records whether another creature entered under the controller this turn.","https://scryfall.com/card/ecl/251/wary-farmer?utm_source=api"
"123","ECL","3","0a8a20e1077c2944a63c3c00a779c1db29eeeb77f8dfb80164d8cc7d029f6f5a","6e04a375-303e-43ba-bca1-4e959711a7f6","Safewright Cavalry","{3}{G}","Creature — Elf Warrior","This creature can't be blocked by more than one creature.
{5}: Target Elf you control gets +2/+2 until end of turn.","","partial_now","","primitive","blocker_count_restriction","","The Elf pump ability is supported, but combat legality cannot cap this creature at one blocker.","https://scryfall.com/card/ecl/191/safewright-cavalry?utm_source=api"
"124","ECL","4","0afe563181f2e6bd7183621e7752085480f01c5ff4a2ec21cbb525808bf6d1e1","9acfec0d-05a0-4b28-a883-e6863f1cb773","Mistmeadow Council","{4}{G}","Creature — Kithkin Advisor","This spell costs {1} less to cast if you control a Kithkin.
When this creature enters, draw a card.","","full_now","conditional_cost_reduction_creatures","data","","","All functional Oracle clauses compose from the current conditional cost reduction creatures vocabulary.","https://scryfall.com/card/ecl/183/mistmeadow-council?utm_source=api"
"125","ECL","5","0c63feb2155081902c01bda2a055a963374f5ff21658e2590a51bc3dca2fb88c","1bcac664-835a-4474-8ca4-263801bde08e","Boggart Prankster","{1}{B}","Creature — Goblin Warrior","Whenever you attack, target attacking Goblin you control gets +1/+0 until end of turn.","","full_now","combat_and_landfall_triggers","data","","","All functional Oracle clauses compose from the current combat and landfall triggers vocabulary.","https://scryfall.com/card/ecl/93/boggart-prankster?utm_source=api"
"126","ECL","6","0f40ed48e8e9ace6708ddcf9569b927b39ef4980c319c34edc18d29419eebb0c","930035c6-cde7-40ac-98ef-0840812037db","Chitinous Graspling","{3}{G/U}","Creature — Shapeshifter","Changeling (This card is every creature type.)
Reach","Reach; Changeling","partial_now","","system","changeling","","Reach is supported, but Changeling must supply every creature subtype in every zone.","https://scryfall.com/card/ecl/211/chitinous-graspling?utm_source=api"
"127","ECL","7","0fbd47f28421c2e3de103f5e322b0b5446cfecbda5599dbd4127e9132f8a5cc4","991f4eec-cf3e-4554-ba88-c44bb0d255f0","Tributary Vaulter","{2}{W}","Creature — Merfolk Warrior","Flying
Whenever this creature becomes tapped, another target Merfolk you control gets +2/+0 until end of turn.","Flying","partial_now","","primitive","becomes_tapped_trigger","","Flying is supported, but no trigger observes this permanent becoming tapped.","https://scryfall.com/card/ecl/40/tributary-vaulter?utm_source=api"
"128","ECL","8","104e72e6fd9fb4926007da5e5567973ee9b12cb40c831725515c27f07e8b8bc4","91363d71-eef0-48e8-9a68-8f363ff2790e","Tend the Sprigs","{2}{G}","Sorcery","Search your library for a basic land card, put it onto the battlefield tapped, then shuffle. Then if you control seven or more lands and/or Treefolk, create a 3/4 green Treefolk creature token with reach. (It can block creatures with flying.)","","partial_now","","primitive","battlefield_union_count_condition","","The basic-land search is supported, but the token branch must count the union of lands and Treefolk without double-counting permanent objects.","https://scryfall.com/card/ecl/197/tend-the-sprigs?utm_source=api"
"129","ECL","9","1165a7dc9d0f26f078632ad26022d53bb98b21f0f3705c32d9cffe8191b073f7","ef67c170-68aa-4ada-8cee-261a4dbb1b5d","Surly Farrier","{1}{G}","Creature — Kithkin Citizen","{T}: Target creature you control gets +1/+1 and gains vigilance until end of turn. Activate only as a sorcery.","","full_now","activated_permanents","data","","","All functional Oracle clauses compose from the current activated permanents vocabulary.","https://scryfall.com/card/ecl/196/surly-farrier?utm_source=api"
"130","ECL","10","15fbf95353ed52d899ea85a78beba5a635e669edd45c83ee97c7782db1c045ce","ab5f8b8c-e3f7-4265-bbc6-814bbfd4693a","Crossroads Watcher","{2}{G}","Creature — Kithkin Ranger","Trample
Whenever another creature you control enters, this creature gets +1/+0 until end of turn.","Trample","full_now","combat_and_landfall_triggers","data","","","All functional Oracle clauses compose from the current combat and landfall triggers vocabulary.","https://scryfall.com/card/ecl/173/crossroads-watcher?utm_source=api"
"131","ECL","11","2b9441219461af49a9f9914154a909c25fac1e45b8dc941f6625dbff5f6f0108","61cb927a-4cf8-49d6-ab4b-9e882bc08774","Keep Out","{1}{W}","Instant","Choose one —
• Keep Out deals 4 damage to target tapped creature.
• Destroy target enchantment.","","full_now","targeted_and_modal_removal","data","","","All functional Oracle clauses compose from the current targeted and modal removal vocabulary.","https://scryfall.com/card/ecl/19/keep-out?utm_source=api"
"132","ECL","12","2ccaa2083d3e71fb284563c0330103ec566c6e385da2ecc062464c23b248ca1e","54421e69-d79e-4c2e-8ce6-96994d168835","Cinder Strike","{R}","Sorcery","As an additional cost to cast this spell, you may blight 1. (You may put a -1/-1 counter on a creature you control.)
Cinder Strike deals 2 damage to target creature. It deals 4 damage to that creature instead if this spell's additional cost was paid.","Blight","partial_now","","system","blight","","The base two-damage instruction works, but optional Blight must be paid as a -1/-1-counter additional cost and recorded for the replacement amount.","https://scryfall.com/card/ecl/131/cinder-strike?utm_source=api"
"133","ECL","13","30caf6d5b4c9d2cc9571b0585d4616a08a02714c71a8209496cffee383c11eee","cc9523da-f48e-49ab-9989-a4031dafb426","Heirloom Auntie","{2}{B}","Creature — Goblin Warlock","This creature enters with two -1/-1 counters on it.
Whenever another creature you control dies, surveil 1, then remove a -1/-1 counter from this creature. (To surveil 1, look at the top card of your library. You may put it into your graveyard.)","Surveil","partial_now","","primitive","counter_removal","","Entry counters, the death trigger, and surveil are supported, but effects cannot remove a -1/-1 counter from the source.","https://scryfall.com/card/ecl/107/heirloom-auntie?utm_source=api"
"134","ECL","14","32c475ad8f28faeacdfc38462a70feaf8268ea8ec401e8bef732a8856ee4a44b","5eb8bb1d-7567-4c24-913b-463b5fe463c4","Gilt-Leaf's Embrace","{2}{G}","Enchantment — Aura","Flash
Enchant creature
When this Aura enters, enchanted creature gains trample and indestructible until end of turn. (Damage and effects that say ""destroy"" don't destroy it. If its toughness is 0 or less, it still dies.)
Enchanted creature gets +2/+0.","Enchant; Flash","full_now","auras","data","","","All functional Oracle clauses compose from the current auras vocabulary.","https://scryfall.com/card/ecl/177/gilt-leafs-embrace?utm_source=api"
"135","ECL","15","39607c8379bf08420c5a43a15e5e66c01db34d9fb57462e3f76faeb792b30da9","980affa7-6308-4acd-af64-f804e574a89b","Moonglove Extractor","{2}{B}","Creature — Elf Warlock","Whenever this creature attacks, you draw a card and lose 1 life.","","full_now","combat_and_landfall_triggers","data","","","All functional Oracle clauses compose from the current combat and landfall triggers vocabulary.","https://scryfall.com/card/ecl/109/moonglove-extractor?utm_source=api"
"136","ECL","16","3a9774a19d345171f4f2208f683d6013f21733da36587bcc90c52b784842d607","8bef3511-ceeb-4d57-972a-ab363ecacd5b","Timid Shieldbearer","{1}{W}","Creature — Kithkin Soldier","{4}{W}: Creatures you control get +1/+1 until end of turn.","","full_now","activated_permanents","data","","","All functional Oracle clauses compose from the current activated permanents vocabulary.","https://scryfall.com/card/ecl/39/timid-shieldbearer?utm_source=api"
"137","ECL","17","3e61e8f3ec7028730e21c5d2dc32097884744a3e8f3ddb64adabad7bc1542de4","c452e748-8a2a-4f68-8869-e294925a8b0b","Unexpected Assistance","{3}{U}{U}","Instant","Convoke (Your creatures can help cast this spell. Each creature you tap while casting this spell pays for {1} or one mana of that creature's color.)
Draw three cards, then discard a card.","Convoke","partial_now","","system","convoke","","Draw three then discard is supported, but Convoke payment is not.","https://scryfall.com/card/ecl/80/unexpected-assistance?utm_source=api"
"138","ECL","18","45e228ceb6c98f76878993020805d4b72939553e76fb6bf6ef240b6d4e1e316b","162dcfa0-36e4-41cd-8322-08e810ff04d4","Reluctant Dounguard","{2}{W}","Creature — Kithkin Soldier","This creature enters with two -1/-1 counters on it.
Whenever another creature you control enters while this creature has a -1/-1 counter on it, remove a -1/-1 counter from this creature.","","partial_now","","primitive","counter_removal","source_counter_condition","The entry replacement is supported, but the trigger cannot test a source counter and then remove one.","https://scryfall.com/card/ecl/31/reluctant-dounguard?utm_source=api"
"139","ECL","19","48a3a2b2f742b6dd78318ee20436d6a46a59c45e92010994fd19430ccc26a32b","cf5b1cf9-dcd3-44d1-b8b2-338651ebb2a1","Blight Rot","{2}{B}","Instant","Put four -1/-1 counters on target creature.","","full_now","minus_counter_spells","data","","","All functional Oracle clauses compose from the current minus counter spells vocabulary.","https://scryfall.com/card/ecl/89/blight-rot?utm_source=api"
"140","ECL","20","495433be7aeda6f10400ef7a9bba47905740eb06795792571426d0b859b5d84d","79bc2c6d-b03d-4ceb-b468-293378ec73ae","Midnight Tilling","{1}{G}","Instant","Mill four cards, then you may return a permanent card from among them to your hand. (To mill four cards, put the top four cards of your library into your graveyard.)","Mill","partial_now","","system","milled_result_choice","","Mill four is supported, but the following choice must be restricted to permanent cards milled by that same effect.","https://scryfall.com/card/ecl/182/midnight-tilling?utm_source=api"
"141","ECL","21","4b825afbc874896407d6bd92b1052065c59c48bbb25e9ceda78ae7411a8abaa7","d8599f06-f030-4575-8497-307a4d7ec182","Spiral into Solitude","{1}{W}","Enchantment — Aura","Enchant creature
Enchanted creature can't attack or block.
{1}{W}, Blight 1, Sacrifice this Aura: Exile enchanted creature. (To blight 1, put a -1/-1 counter on a creature you control.)","Blight; Enchant","partial_now","","system","blight","attached_object_zone_effect","The Aura restriction is supported, but Blight cannot be paid as an activated cost and the enchanted creature cannot be exiled as an attached-object effect.","https://scryfall.com/card/ecl/36/spiral-into-solitude?utm_source=api"
"142","ECL","22","4c7a3e2aec3b171b3583ae11a1b618ae76729eb5269bd593667be8bc89a7df6b","77217a66-4ba8-443f-b915-178cfcc233e1","Chaos Spewer","{2}{B/R}","Creature — Goblin Warlock","When this creature enters, you may pay {2}. If you don't, blight 2. (To blight 2, put two -1/-1 counters on a creature you control.)","Blight","blocked","","system","blight","","The ETB branch is entirely defined by paying mana or performing Blight, and Blight is not a resolution cost.","https://scryfall.com/card/ecl/210/chaos-spewer?utm_source=api"
"143","ECL","23","4d1afb165d6a6910d9a476008310877345f8d790892fe26200bd905e1b6b0f54","d6eef6a7-0cf4-4ee8-90e0-727a283c3be9","Flame-Chain Mauler","{1}{R}","Creature — Elemental Warrior","{1}{R}: This creature gets +1/+0 and gains menace until end of turn. (It can't be blocked except by two or more creatures.)","","full_now","activated_permanents","data","","","All functional Oracle clauses compose from the current activated permanents vocabulary.","https://scryfall.com/card/ecl/138/flame-chain-mauler?utm_source=api"
"144","ECL","24","507facd84133f5ccfe1cb95636dd23ae5568eef5c39c1fc5f78a3b8a330c7097","79dfe2eb-82b9-4dae-95c8-58fdf9006bc7","Goldmeadow Nomad","{W}","Creature — Kithkin Scout","{W}, Exile this card from your graveyard: Create a 1/1 green and white Kithkin creature token. Activate only as a sorcery.","","full_now","graveyard_activated_abilities","data","","","All functional Oracle clauses compose from the current graveyard activated abilities vocabulary.","https://scryfall.com/card/ecl/18/goldmeadow-nomad?utm_source=api"
"145","ECL","25","549ce4e9d2e52ec973779ecbfa0da7a158aa27f0b57828fd3c0d5ee54abda8e1","126c75c0-414b-4e55-8747-2b5566ce716f","Firdoch Core","{3}","Kindred Artifact — Shapeshifter","Changeling (This card is every creature type.)
{T}: Add one mana of any color.
{4}: This artifact becomes a 4/4 artifact creature until end of turn.","Changeling","partial_now","","system","changeling","temporary_animation","The any-color mana ability works, but Changeling and temporary artifact-creature animation with base P/T are absent.","https://scryfall.com/card/ecl/255/firdoch-core?utm_source=api"
"146","ECL","26","562cbf576e1c4ce956ce3becef4c3e6c4f2ef9bf33180af14776a03c52a300d4","c7e4bc5d-e1d9-4fbc-8d53-0cec73086828","Dream Seizer","{3}{B}","Creature — Faerie Rogue","Flying
When this creature enters, you may blight 1. If you do, each opponent discards a card. (To blight 1, put a -1/-1 counter on a creature you control.)","Blight; Flying","partial_now","","system","blight","","Flying is supported, but the optional ETB Blight payment and linked each-opponent discard are not.","https://scryfall.com/card/ecl/101/dream-seizer?utm_source=api"
"147","ECL","27","658270fe2e44333ba7b81826e61d33d27e461c30621d355ea94c39db28ac9948","93409d98-93c8-4742-a635-2a4408e66c32","Changeling Wayfinder","{3}","Creature — Shapeshifter","Changeling (This card is every creature type.)
When this creature enters, you may search your library for a basic land card, reveal it, put it into your hand, then shuffle.","Changeling","partial_now","","system","changeling","","The basic-land search is supported, but Changeling is not.","https://scryfall.com/card/ecl/1/changeling-wayfinder?utm_source=api"
"148","ECL","28","69d02a1bcb654f9faf045fcb722bdd34f9d77248677fa9abb9493a13b889e582","b7163800-41fc-410a-9650-50ae90842170","Gristle Glutton","{1}{R}","Creature — Goblin Scout","{T}, Blight 1: Discard a card. If you do, draw a card. (To blight 1, put a -1/-1 counter on a creature you control.)","Blight","partial_now","","system","blight","","Discard then draw is supported, but Blight cannot be paid as an activated cost.","https://scryfall.com/card/ecl/144/gristle-glutton?utm_source=api"
"149","ECL","29","6a71e339546c88adc4cf10261eb431858d1bb7d212def4a06e58cfe78c3c601a","3dc73517-0767-46ae-bc8d-ee378237a509","Rooftop Percher","{5}","Creature — Shapeshifter","Changeling (This card is every creature type.)
Flying
When this creature enters, exile up to two target cards from graveyards. You gain 3 life.","Changeling; Flying","partial_now","","system","changeling","","Flying, grouped graveyard exile, and life gain are supported, but Changeling is not.","https://scryfall.com/card/ecl/2/rooftop-percher?utm_source=api"
"150","ECL","30","6c161fab26f0b109cdd5d933756cfa82bf4d4102882ce2c70ccf285ef18f0d5f","e7b88da3-7dd1-45f8-b555-98ad838b2917","Summit Sentinel","{1}{U}","Creature — Elemental Soldier","When this creature dies, draw a card.","","full_now","simple_death_triggers","data","","","All functional Oracle clauses compose from the current simple death triggers vocabulary.","https://scryfall.com/card/ecl/73/summit-sentinel?utm_source=api"
"151","ECL","31","725e63d649640d71217bb10733606c5debc4ee7d159f39c8168f9b3f9ec616bf","079f0d7f-57a5-4101-a9e3-c5a57148b3fb","Elder Auntie","{2}{R}","Creature — Goblin Warlock","When this creature enters, create a 1/1 black and red Goblin creature token.","","full_now","token_makers","data","","","All functional Oracle clauses compose from the current token makers vocabulary.","https://scryfall.com/card/ecl/133/elder-auntie?utm_source=api"
"152","ECL","32","72882f91da229189773d9f3f16e7d201e082c5f23d009e353c11b5bd55770c70","d18ca75c-3572-4851-9580-27bafe10edd6","Kulrath Zealot","{5}{R}","Creature — Elemental Warrior","When this creature enters, exile the top card of your library. Until the end of your next turn, you may play that card.
Basic landcycling {1}{R} ({1}{R}, Discard this card: Search your library for a basic land card, reveal it, put it into your hand, then shuffle.)","Landcycling; Basic landcycling; Typecycling; Cycling","full_now","impulse_and_typecycling","data","","","All functional Oracle clauses compose from the current impulse and typecycling vocabulary.","https://scryfall.com/card/ecl/148/kulrath-zealot?utm_source=api"
"153","ECL","33","73efe517fb6aefcc1aee3987d23013a6ed929959392d8bb656b92010a218603f","be7e220e-272e-45ca-8265-8d78da2cd2a7","Unforgiving Aim","{2}{G}","Instant","Choose one —
• Destroy target creature with flying.
• Destroy target enchantment.
• Create a 2/2 black and green Elf creature token.","","full_now","targeted_and_modal_removal","data","","","All functional Oracle clauses compose from the current targeted and modal removal vocabulary.","https://scryfall.com/card/ecl/200/unforgiving-aim?utm_source=api"
"154","ECL","34","83ef1d51f176933f63546e0da93a242efc7c5dd9e4f36212a5df975b1ead618f","b9dee727-8ad8-42e0-93c6-5ef91d3f7309","Aquitect's Defenses","{1}{U}","Enchantment — Aura","Flash
Enchant creature you control
When this Aura enters, enchanted creature gains hexproof until end of turn. (It can't be the target of spells or abilities your opponents control.)
Enchanted creature gets +1/+2.","Enchant; Flash","full_now","auras","data","","","All functional Oracle clauses compose from the current auras vocabulary.","https://scryfall.com/card/ecl/44/aquitects-defenses?utm_source=api"
"155","ECL","35","848ef9bb09f02d667a5c8f26859f28154c1bef0a68114b239b55d64f2d0cbed5","0ecb35b3-5bd1-4467-a4a3-ce468023ced2","Blossombind","{1}{U}","Enchantment — Aura","Enchant creature
When this Aura enters, tap enchanted creature.
Enchanted creature can't become untapped and can't have counters put on it.","Enchant","partial_now","","primitive","prohibit_counter_placement","","The Aura tap and untap prohibition are supported, but it cannot prevent counters from being put on the enchanted creature.","https://scryfall.com/card/ecl/45/blossombind?utm_source=api"
"156","ECL","36","85b8e0abedd0b44a2ade041c7b935c3b0ca67c4c7c07f37b6b8ea75d233aa781","d709f396-021f-49eb-adb5-374aa790eaae","Merrow Skyswimmer","{3}{W/U}{W/U}","Creature — Merfolk Soldier","Convoke (Your creatures can help cast this spell. Each creature you tap while casting this spell pays for {1} or one mana of that creature's color.)
Flying, vigilance
When this creature enters, create a 1/1 white and blue Merfolk creature token.","Flying; Vigilance; Convoke","partial_now","","system","convoke","","Flying, vigilance, and the ETB token are supported, but Convoke is not.","https://scryfall.com/card/ecl/234/merrow-skyswimmer?utm_source=api"
"157","ECL","37","861818e08964d7820ec3036741bf639ef1ef515ebabc113391b4eb3cf1b74596","4b4dcdb1-0017-494f-8d83-6706b188e575","Wanderbrine Preacher","{1}{W}","Creature — Merfolk Cleric","Whenever this creature becomes tapped, you gain 2 life.","","blocked","","primitive","becomes_tapped_trigger","","Life gain is supported, but no trigger observes this permanent becoming tapped.","https://scryfall.com/card/ecl/41/wanderbrine-preacher?utm_source=api"
"158","ECL","38","862074d79da74f39dc9666d4962fac354bf83095e903d3a09ae992983dc8551c","ecf574a5-6410-466d-a726-732134f904b2","Assert Perfection","{1}{G}","Sorcery","Target creature you control gets +1/+0 until end of turn. It deals damage equal to its power to up to one target creature an opponent controls.","","full_now","power_based_damage","data","","","All functional Oracle clauses compose from the current power based damage vocabulary.","https://scryfall.com/card/ecl/164/assert-perfection?utm_source=api"
"159","ECL","39","897420e38e868ce8dc43d847dcd7710f2c0e536da2ccfc97d645342c7394e808","60206d4e-4301-4d7a-a68e-46a2ad9fc407","Gangly Stompling","{2}{R/G}","Creature — Shapeshifter","Changeling (This card is every creature type.)
Trample","Trample; Changeling","partial_now","","system","changeling","","Trample is supported, but Changeling is not.","https://scryfall.com/card/ecl/226/gangly-stompling?utm_source=api"
"160","ECL","40","8a5e25dd634122acb3a984df333e86aad642dbeaee7ccfdfc04a9799b9e85a9d","36ab41b7-bcfb-4618-bbfb-70d608dba15a","Stratosoarer","{4}{U}","Creature — Elemental","Flying
When this creature enters, target creature gains flying until end of turn.
Basic landcycling {1}{U} ({1}{U}, Discard this card: Search your library for a basic land card, reveal it, put it into your hand, then shuffle.)","Flying; Landcycling; Basic landcycling; Typecycling; Cycling","full_now","keyword_and_typecycling_creatures","data","","","All functional Oracle clauses compose from the current keyword and typecycling creatures vocabulary.","https://scryfall.com/card/ecl/72/stratosoarer?utm_source=api"
"161","ECL","41","8ad395760310c2514961e9f0b6606edd8f03284e3c948bfdbb6e02093e2c4801","4e0ba9d5-4bd6-49a0-ae00-70818738d0ba","Gallant Fowlknight","{3}{W}","Creature — Kithkin Knight","When this creature enters, creatures you control get +1/+0 until end of turn. Kithkin creatures you control also gain first strike until end of turn.","","full_now","mass_combat_modifiers","data","","","All functional Oracle clauses compose from the current mass combat modifiers vocabulary.","https://scryfall.com/card/ecl/17/gallant-fowlknight?utm_source=api"
"162","ECL","42","8bb7867b7c65b4aa1142466b54415e443a0f587c65eaa8687a01d027b803753d","15febce7-8320-4591-9535-ef11c8adecc2","Barbed Bloodletter","{1}{B}","Artifact — Equipment","Flash
When this Equipment enters, attach it to target creature you control. That creature gains wither until end of turn. (It deals damage to creatures in the form of -1/-1 counters.)
Equipped creature gets +1/+2.
Equip {2}","Equip; Flash","partial_now","","system","equipment_enters_attachment","wither","Equip and the attached P/T modifier are supported, but the ETB auto-attachment and Wither damage replacement are absent.","https://scryfall.com/card/ecl/86/barbed-bloodletter?utm_source=api"
"163","ECL","43","8c33f806b43eb5f40869cc66feb9aad323c52daf4ec369ab01898a5fd8f15315","11ceb2db-021e-422d-976e-7bfe3b67a8aa","Foraging Wickermaw","{2}","Artifact Creature — Scarecrow","When this creature enters, surveil 1. (Look at the top card of your library. You may put it into your graveyard.)
{1}: Add one mana of any color. This creature becomes that color until end of turn. Activate only once each turn.","Surveil","partial_now","","primitive","temporary_color_change","","Surveil and the once-per-turn mana ability are supported, but producing mana cannot also make the source that color until end of turn.","https://scryfall.com/card/ecl/256/foraging-wickermaw?utm_source=api"
"164","ECL","44","8c85768d627fb2055f3ac5573b2017a4e4c9dceed0e83431fd9ce55a28e987ea","7f420633-901d-47f9-ae0f-0f5b0ea8359c","Burning Curiosity","{2}{R}","Sorcery","As an additional cost to cast this spell, you may blight 1. (You may put a -1/-1 counter on a creature you control.)
Exile the top two cards of your library. If this spell's additional cost was paid, exile the top three cards instead. Until the end of your next turn, you may play those cards.","Blight","blocked","","system","blight","multi_card_impulse_play","The spell needs optional Blight linked to a two-versus-three-card impulse-play cohort; current play permission handles one top card.","https://scryfall.com/card/ecl/129/burning-curiosity?utm_source=api"
"165","ECL","45","8d209978ba35afea93ac8cd945c6ff32189af4d43b9e406184d48b69ef7455fe","cea09261-41a2-43e5-bf43-c4097e6615c6","Appeal to Eirdu","{3}{W}","Instant","Convoke (Your creatures can help cast this spell. Each creature you tap while casting this spell pays for {1} or one mana of that creature's color.)
One or two target creatures each get +2/+1 until end of turn.","Convoke","partial_now","","system","convoke","","The one-or-two-target pump is supported, but Convoke is not.","https://scryfall.com/card/ecl/5/appeal-to-eirdu?utm_source=api"
"166","ECL","46","9241d0f517897ff22b8c16af5edaec0de4d1d3a9eb1cbe963c0602ec0dc4b39f","5a651557-ce08-46ba-aecd-0e4fbfdef3c0","Bile-Vial Boggart","{B}","Creature — Goblin Assassin","When this creature dies, put a -1/-1 counter on up to one target creature.","","full_now","damage_and_counter_creatures","data","","","All functional Oracle clauses compose from the current damage and counter creatures vocabulary.","https://scryfall.com/card/ecl/87/bile-vial-boggart?utm_source=api"
"167","ECL","47","92b769ffda110a65a1276ca27c1d33b7c5def593043dc22bfe4e52047c006b26","dd1a4219-437b-494f-ae0e-1d3181ffcd63","Wild Unraveling","{U}{U}","Instant","As an additional cost to cast this spell, blight 2 or pay {1}. (To blight 2, put two -1/-1 counters on a creature you control.)
Counter target spell.","Blight","partial_now","","system","blight","","Countering the spell is supported, but casting cannot require the choice between Blight 2 and paying one generic mana.","https://scryfall.com/card/ecl/84/wild-unraveling?utm_source=api"
"168","ECL","48","9e0bb183e1f8c4807268ab3dc861a3e8de259da1d4a5b2a64d9ed0ef81da4e1b","eb25920a-3162-4838-b092-09cbd43332fd","Brambleback Brute","{2}{R}","Creature — Giant Warrior","This creature enters with two -1/-1 counters on it.
{1}{R}, Remove a counter from this creature: Target creature can't block this turn. Activate only as a sorcery.","","partial_now","","primitive","counter_removal","","Entry counters and the block restriction are supported, but removing a counter cannot be an activated cost.","https://scryfall.com/card/ecl/128/brambleback-brute?utm_source=api"
"169","ECL","49","9ee214d0c284b204ae9cafe923c739ed9ca54cc56892c0a777fffcc6322927e8","4288ba56-ddd0-4bd9-ba61-daf03e9f2d7f","Shore Lurker","{3}{W}","Creature — Merfolk Scout","Flying
When this creature enters, surveil 1. (Look at the top card of your library. You may put it into your graveyard.)","Flying; Surveil","full_now","surveil_cards","data","","","All functional Oracle clauses compose from the current surveil cards vocabulary.","https://scryfall.com/card/ecl/34/shore-lurker?utm_source=api"
"170","ECL","50","a13123cf2da22f4eb97639979fbce4bf2904bcadbca0d7b46407fac46af7b2c2","27c87371-697e-4ca6-a7f4-d99215d908bc","Sun-Dappled Celebrant","{4}{W}{W}","Creature — Treefolk Cleric","Convoke (Your creatures can help cast this spell. Each creature you tap while casting this spell pays for {1} or one mana of that creature's color.)
Vigilance","Vigilance; Convoke","partial_now","","system","convoke","","Vigilance is supported, but Convoke is not.","https://scryfall.com/card/ecl/37/sun-dappled-celebrant?utm_source=api"
"171","ECL","51","a3c45321b3f18833201f52b401977eb96328acb0e12ee05137a7ac22771fe927","101407b4-e7e8-4aff-84a2-a97947358b88","Liminal Hold","{3}{W}","Enchantment","When this enchantment enters, exile up to one target nonland permanent an opponent controls until this enchantment leaves the battlefield. You gain 2 life.","","full_now","linked_exile","data","","","All functional Oracle clauses compose from the current linked exile vocabulary.","https://scryfall.com/card/ecl/24/liminal-hold?utm_source=api"
"172","ECL","52","a698f1d681b54e08f6a61f41b97aba8ed38a10b8605dc0c4dc655dfa01ca7194","6d7f7e6e-5076-4af7-afe3-3e500835c4aa","Gravelgill Scoundrel","{1}{U}","Creature — Merfolk Rogue","Vigilance
Whenever this creature attacks, you may tap another untapped creature you control. If you do, this creature can't be blocked this turn.","Vigilance","partial_now","","primitive","tap_permanent_resolution_cost","","Vigilance is supported, but the attack trigger cannot tap another chosen untapped creature as a resolution cost before granting unblockability.","https://scryfall.com/card/ecl/53/gravelgill-scoundrel?utm_source=api"
"173","ECL","53","a94ef8bae812ff73cd4d1c084e4b7d1dbd0df76af6d94a2b8ab390a0898183aa","f474d244-d9be-4580-bf62-f97660e9c1a3","Feed the Flames","{3}{R}","Instant","Feed the Flames deals 5 damage to target creature. If that creature would die this turn, exile it instead.","","full_now","damage_and_counter_creatures","data","","","All functional Oracle clauses compose from the current damage and counter creatures vocabulary.","https://scryfall.com/card/ecl/137/feed-the-flames?utm_source=api"
"174","ECL","54","a9abe3ba9f16844e33b2025d4dd46bfe8858241d4822ef97afdd1614ef47d3b4","fcf796fa-43ae-43d1-a124-776338bc3542","Feisty Spikeling","{1}{R/W}","Creature — Shapeshifter","Changeling (This card is every creature type.)
During your turn, this creature has first strike.","Changeling","partial_now","","system","changeling","","The controller-turn first-strike condition is supported, but Changeling is not.","https://scryfall.com/card/ecl/223/feisty-spikeling?utm_source=api"
"175","ECL","55","ab5291ba9d1fc3fe39ae5caeaed1a5d4d5d9052551c69846152e806f48ce105d","f70d65bf-5f1c-4aee-9bd1-f5ee6974b058","Flaring Cinder","{1}{U/R}{U/R}","Creature — Elemental Sorcerer","When this creature enters and whenever you cast a spell with mana value 4 or greater, you may discard a card. If you do, draw a card.","","partial_now","","primitive","spell_mana_value_trigger_filter","","The ETB loot trigger is supported, but spell-cast observers cannot filter spells by mana value four or greater.","https://scryfall.com/card/ecl/225/flaring-cinder?utm_source=api"
"176","ECL","56","adb9f6dd29cdbf68a67eb683e4f44a6338ae497013a127a1051f46e0eb56fe1f","a7b0d897-38c0-4f90-81e8-3c5b8d31a607","Glamermite","{2}{U}","Creature — Faerie Rogue","Flash
Flying
When this creature enters, choose one —
• Tap target creature.
• Untap target creature.","Flying; Flash","full_now","modal_and_multitarget_spells","data","","","All functional Oracle clauses compose from the current modal and multitarget spells vocabulary.","https://scryfall.com/card/ecl/50/glamermite?utm_source=api"
"177","ECL","57","afe8de695ca967f291a4216d69ae25b9d28e6102f38f6f84ecb243d8936a30b3","a294968e-9a7f-4d66-bde0-e775ae5f8197","Blighted Blackthorn","{4}{B}","Creature — Treefolk Warlock","Whenever this creature enters or attacks, you may blight 2. If you do, you draw a card and lose 1 life. (To blight 2, put two -1/-1 counters on a creature you control.)","Blight","blocked","","system","blight","","Both the ETB and attack ability require Blight as a resolution cost before drawing and losing life.","https://scryfall.com/card/ecl/90/blighted-blackthorn?utm_source=api"
"178","ECL","58","b1cd4c4eda315a89225d83fb9fea785fdd6d9357aae01aecbd806ee2570737aa","57bbd80b-290f-461e-8dc6-26ba4d673fa9","Dawnhand Eulogist","{3}{B}","Creature — Elf Warlock","Menace (This creature can't be blocked except by two or more creatures.)
When this creature enters, mill three cards. Then if there is an Elf card in your graveyard, each opponent loses 2 life and you gain 2 life. (To mill three cards, put the top three cards of your library into your graveyard.)","Menace; Mill","partial_now","","primitive","graveyard_subtype_condition","","Mill three is supported, but the follow-up branch cannot test for an Elf card in the graveyard.","https://scryfall.com/card/ecl/99/dawnhand-eulogist?utm_source=api"
"179","ECL","59","bb298a0afabcdd70ec4a1cc650f2fbaad0de9616748113c5c509f5a9dfc1cb9a","fe7a4361-561a-4bab-921e-d01bab19dad3","Mischievous Sneakling","{1}{U/B}","Creature — Shapeshifter","Changeling (This card is every creature type.)
Flash","Flash; Changeling","partial_now","","system","changeling","","Flash is supported, but Changeling is not.","https://scryfall.com/card/ecl/235/mischievous-sneakling?utm_source=api"
"180","ECL","60","bc2afe79a7ccb52bf23f3aa44caf5f2b3c71de5ca81d4556b4f62bbba3886864","96c4b51c-8a10-428c-a948-e1ba9c652bfd","Stoic Grove-Guide","{4}{B/G}","Creature — Elf Druid","{1}{B/G}, Exile this card from your graveyard: Create a 2/2 black and green Elf creature token. Activate only as a sorcery.","","full_now","graveyard_activated_abilities","data","","","All functional Oracle clauses compose from the current graveyard activated abilities vocabulary.","https://scryfall.com/card/ecl/243/stoic-grove-guide?utm_source=api"
